bytes,content-type,elapsed,endpoint,resource,status,entry-date,start-date,end-date
,application/csv; header=present,0.2,27b999c89602a101c4f8c3306eddd8893b7770b5d10efa0ff650d9a6ff0c71fc,89be2b04f644f8918bcb3a30dc19491c122d7fc67f3b3130bd55bb45cf36e418,200,2020-05-15T07:22:43.838700,,
,application/csv; header=present,0.308,66de2d91b12fd1cb18c3babf02ceadb69622ac22a87e73f75b5643fcf6b60e76,6d62009568d56011a4c2dc84a7f1190cbfff8a5dbaf3b24cb600b90685ad952c,200,2020-05-15T07:22:43.838700,,
1706,application/csv; header=present,0.345,a40ed40ded2b89c46b0ccb6e8a5af7cc2154326e9b4014969a31460724d0fbff,441355ecf5aee71113d9833981206349235a339b4ec88b924a0aa5e2590a1ebe,200,2020-05-15T07:22:43.838700,,
,application/csv; header=present,0.269,27b999c89602a101c4f8c3306eddd8893b7770b5d10efa0ff650d9a6ff0c71fc,89be2b04f644f8918bcb3a30dc19491c122d7fc67f3b3130bd55bb45cf36e418,200,2020-07-01T12:35:01.402058,,
,application/csv; header=present,0.152,66de2d91b12fd1cb18c3babf02ceadb69622ac22a87e73f75b5643fcf6b60e76,6d62009568d56011a4c2dc84a7f1190cbfff8a5dbaf3b24cb600b90685ad952c,200,2020-07-01T12:35:01.402058,,
1706,application/csv; header=present,0.471,a40ed40ded2b89c46b0ccb6e8a5af7cc2154326e9b4014969a31460724d0fbff,441355ecf5aee71113d9833981206349235a339b4ec88b924a0aa5e2590a1ebe,200,2020-07-01T12:35:01.402058,,
,application/csv; header=present,0.177,27b999c89602a101c4f8c3306eddd8893b7770b5d10efa0ff650d9a6ff0c71fc,89be2b04f644f8918bcb3a30dc19491c122d7fc67f3b3130bd55bb45cf36e418,200,2020-07-02T05:55:48.541773,,
,application/csv; header=present,0.134,66de2d91b12fd1cb18c3babf02ceadb69622ac22a87e73f75b5643fcf6b60e76,6d62009568d56011a4c2dc84a7f1190cbfff8a5dbaf3b24cb600b90685ad952c,200,2020-07-02T05:55:48.541773,,
1706,application/csv; header=present,0.263,a40ed40ded2b89c46b0ccb6e8a5af7cc2154326e9b4014969a31460724d0fbff,441355ecf5aee71113d9833981206349235a339b4ec88b924a0aa5e2590a1ebe,200,2020-07-02T05:55:48.541773,,
,application/csv; header=present,0.257,27b999c89602a101c4f8c3306eddd8893b7770b5d10efa0ff650d9a6ff0c71fc,89be2b04f644f8918bcb3a30dc19491c122d7fc67f3b3130bd55bb45cf36e418,200,2020-07-03T08:52:42.230901,,
,application/csv; header=present,0.3,66de2d91b12fd1cb18c3babf02ceadb69622ac22a87e73f75b5643fcf6b60e76,6d62009568d56011a4c2dc84a7f1190cbfff8a5dbaf3b24cb600b90685ad952c,200,2020-07-03T08:52:42.230901,,
1706,application/csv; header=present,0.304,a40ed40ded2b89c46b0ccb6e8a5af7cc2154326e9b4014969a31460724d0fbff,441355ecf5aee71113d9833981206349235a339b4ec88b924a0aa5e2590a1ebe,200,2020-07-03T08:52:42.230901,,
,application/csv; header=present,0.247,27b999c89602a101c4f8c3306eddd8893b7770b5d10efa0ff650d9a6ff0c71fc,89be2b04f644f8918bcb3a30dc19491c122d7fc67f3b3130bd55bb45cf36e418,200,2020-07-04T07:04:18.094026,,
,application/csv; header=present,0.356,66730baaf4d462c19a5051c278129b902482f7de96b930c62d23d482e85b03e5,2b5146a0ca0b8f464b4f3a3978c656bdfefc4f722e104418faed7aa17af756b8,200,2020-07-04T21:07:19.318630,,
,application/csv; header=present,0.206,66de2d91b12fd1cb18c3babf02ceadb69622ac22a87e73f75b5643fcf6b60e76,6d62009568d56011a4c2dc84a7f1190cbfff8a5dbaf3b24cb600b90685ad952c,200,2020-07-04T07:04:18.094026,,
1706,application/csv; header=present,0.29,a40ed40ded2b89c46b0ccb6e8a5af7cc2154326e9b4014969a31460724d0fbff,441355ecf5aee71113d9833981206349235a339b4ec88b924a0aa5e2590a1ebe,200,2020-07-04T07:04:18.094026,,
,application/csv; header=present,0.307,27b999c89602a101c4f8c3306eddd8893b7770b5d10efa0ff650d9a6ff0c71fc,89be2b04f644f8918bcb3a30dc19491c122d7fc67f3b3130bd55bb45cf36e418,200,2020-07-05T07:39:45.223410,,
,application/csv; header=present,0.529,66730baaf4d462c19a5051c278129b902482f7de96b930c62d23d482e85b03e5,2b5146a0ca0b8f464b4f3a3978c656bdfefc4f722e104418faed7aa17af756b8,200,2020-07-05T07:39:45.223410,,
,application/csv; header=present,0.307,66de2d91b12fd1cb18c3babf02ceadb69622ac22a87e73f75b5643fcf6b60e76,6d62009568d56011a4c2dc84a7f1190cbfff8a5dbaf3b24cb600b90685ad952c,200,2020-07-05T07:39:45.223410,,
1706,application/csv; header=present,0.305,a40ed40ded2b89c46b0ccb6e8a5af7cc2154326e9b4014969a31460724d0fbff,441355ecf5aee71113d9833981206349235a339b4ec88b924a0aa5e2590a1ebe,200,2020-07-05T07:39:45.223410,,
,application/csv; header=present,0.203,27b999c89602a101c4f8c3306eddd8893b7770b5d10efa0ff650d9a6ff0c71fc,89be2b04f644f8918bcb3a30dc19491c122d7fc67f3b3130bd55bb45cf36e418,200,2020-07-06T07:03:05.844211,,
,application/csv; header=present,0.423,66730baaf4d462c19a5051c278129b902482f7de96b930c62d23d482e85b03e5,2b5146a0ca0b8f464b4f3a3978c656bdfefc4f722e104418faed7aa17af756b8,200,2020-07-06T07:03:05.844211,,
,application/csv; header=present,0.15,66de2d91b12fd1cb18c3babf02ceadb69622ac22a87e73f75b5643fcf6b60e76,6d62009568d56011a4c2dc84a7f1190cbfff8a5dbaf3b24cb600b90685ad952c,200,2020-07-06T07:03:05.844211,,
1706,application/csv; header=present,0.308,a40ed40ded2b89c46b0ccb6e8a5af7cc2154326e9b4014969a31460724d0fbff,441355ecf5aee71113d9833981206349235a339b4ec88b924a0aa5e2590a1ebe,200,2020-07-06T07:03:05.844211,,
,application/csv; header=present,0.207,27b999c89602a101c4f8c3306eddd8893b7770b5d10efa0ff650d9a6ff0c71fc,89be2b04f644f8918bcb3a30dc19491c122d7fc67f3b3130bd55bb45cf36e418,200,2020-07-07T06:06:43.313484,,
,application/csv; header=present,0.283,66730baaf4d462c19a5051c278129b902482f7de96b930c62d23d482e85b03e5,2b5146a0ca0b8f464b4f3a3978c656bdfefc4f722e104418faed7aa17af756b8,200,2020-07-07T06:06:43.313484,,
,application/csv; header=present,0.304,66de2d91b12fd1cb18c3babf02ceadb69622ac22a87e73f75b5643fcf6b60e76,6d62009568d56011a4c2dc84a7f1190cbfff8a5dbaf3b24cb600b90685ad952c,200,2020-07-07T06:06:43.313484,,
1706,application/csv; header=present,0.166,a40ed40ded2b89c46b0ccb6e8a5af7cc2154326e9b4014969a31460724d0fbff,441355ecf5aee71113d9833981206349235a339b4ec88b924a0aa5e2590a1ebe,200,2020-07-07T06:06:43.313484,,
,application/csv; header=present,0.205,27b999c89602a101c4f8c3306eddd8893b7770b5d10efa0ff650d9a6ff0c71fc,89be2b04f644f8918bcb3a30dc19491c122d7fc67f3b3130bd55bb45cf36e418,200,2020-07-08T09:20:12.606657,,
,application/csv; header=present,0.416,66730baaf4d462c19a5051c278129b902482f7de96b930c62d23d482e85b03e5,2b5146a0ca0b8f464b4f3a3978c656bdfefc4f722e104418faed7aa17af756b8,200,2020-07-08T09:20:12.606657,,
,application/csv; header=present,0.26,66de2d91b12fd1cb18c3babf02ceadb69622ac22a87e73f75b5643fcf6b60e76,6d62009568d56011a4c2dc84a7f1190cbfff8a5dbaf3b24cb600b90685ad952c,200,2020-07-08T09:20:12.606657,,
1706,application/csv; header=present,0.203,a40ed40ded2b89c46b0ccb6e8a5af7cc2154326e9b4014969a31460724d0fbff,441355ecf5aee71113d9833981206349235a339b4ec88b924a0aa5e2590a1ebe,200,2020-07-08T09:20:12.606657,,
,application/csv; header=present,0.152,27b999c89602a101c4f8c3306eddd8893b7770b5d10efa0ff650d9a6ff0c71fc,89be2b04f644f8918bcb3a30dc19491c122d7fc67f3b3130bd55bb45cf36e418,200,2020-07-09T05:55:48.793646,,
,application/csv; header=present,0.328,66730baaf4d462c19a5051c278129b902482f7de96b930c62d23d482e85b03e5,2b5146a0ca0b8f464b4f3a3978c656bdfefc4f722e104418faed7aa17af756b8,200,2020-07-09T05:55:48.793646,,
,application/csv; header=present,0.116,66de2d91b12fd1cb18c3babf02ceadb69622ac22a87e73f75b5643fcf6b60e76,6d62009568d56011a4c2dc84a7f1190cbfff8a5dbaf3b24cb600b90685ad952c,200,2020-07-09T05:55:48.793646,,
1706,application/csv; header=present,0.198,a40ed40ded2b89c46b0ccb6e8a5af7cc2154326e9b4014969a31460724d0fbff,441355ecf5aee71113d9833981206349235a339b4ec88b924a0aa5e2590a1ebe,200,2020-07-09T05:55:48.793646,,
,application/csv; header=present,0.202,27b999c89602a101c4f8c3306eddd8893b7770b5d10efa0ff650d9a6ff0c71fc,89be2b04f644f8918bcb3a30dc19491c122d7fc67f3b3130bd55bb45cf36e418,200,2020-07-10T06:33:03.826044,,
,application/csv; header=present,0.402,66730baaf4d462c19a5051c278129b902482f7de96b930c62d23d482e85b03e5,2b5146a0ca0b8f464b4f3a3978c656bdfefc4f722e104418faed7aa17af756b8,200,2020-07-10T06:33:03.826044,,
,application/csv; header=present,0.201,66de2d91b12fd1cb18c3babf02ceadb69622ac22a87e73f75b5643fcf6b60e76,6d62009568d56011a4c2dc84a7f1190cbfff8a5dbaf3b24cb600b90685ad952c,200,2020-07-10T06:33:03.826044,,
1706,application/csv; header=present,0.291,a40ed40ded2b89c46b0ccb6e8a5af7cc2154326e9b4014969a31460724d0fbff,441355ecf5aee71113d9833981206349235a339b4ec88b924a0aa5e2590a1ebe,200,2020-07-10T06:33:03.826044,,
,application/csv; header=present,0.142,27b999c89602a101c4f8c3306eddd8893b7770b5d10efa0ff650d9a6ff0c71fc,89be2b04f644f8918bcb3a30dc19491c122d7fc67f3b3130bd55bb45cf36e418,200,2020-07-13T09:53:41.958589,,
,application/csv; header=present,0.314,66730baaf4d462c19a5051c278129b902482f7de96b930c62d23d482e85b03e5,2b5146a0ca0b8f464b4f3a3978c656bdfefc4f722e104418faed7aa17af756b8,200,2020-07-13T09:53:41.958589,,
,application/csv; header=present,0.157,66de2d91b12fd1cb18c3babf02ceadb69622ac22a87e73f75b5643fcf6b60e76,6d62009568d56011a4c2dc84a7f1190cbfff8a5dbaf3b24cb600b90685ad952c,200,2020-07-13T09:53:41.958589,,
1706,application/csv; header=present,0.163,a40ed40ded2b89c46b0ccb6e8a5af7cc2154326e9b4014969a31460724d0fbff,441355ecf5aee71113d9833981206349235a339b4ec88b924a0aa5e2590a1ebe,200,2020-07-13T09:53:41.958589,,
,application/csv; header=present,0.175,27b999c89602a101c4f8c3306eddd8893b7770b5d10efa0ff650d9a6ff0c71fc,89be2b04f644f8918bcb3a30dc19491c122d7fc67f3b3130bd55bb45cf36e418,200,2020-07-17T06:56:50.750816,,
,application/csv; header=present,0.257,66730baaf4d462c19a5051c278129b902482f7de96b930c62d23d482e85b03e5,2b5146a0ca0b8f464b4f3a3978c656bdfefc4f722e104418faed7aa17af756b8,200,2020-07-17T06:56:50.750816,,
,application/csv; header=present,0.137,66de2d91b12fd1cb18c3babf02ceadb69622ac22a87e73f75b5643fcf6b60e76,6d62009568d56011a4c2dc84a7f1190cbfff8a5dbaf3b24cb600b90685ad952c,200,2020-07-17T06:56:50.750816,,
1706,application/csv; header=present,0.148,a40ed40ded2b89c46b0ccb6e8a5af7cc2154326e9b4014969a31460724d0fbff,441355ecf5aee71113d9833981206349235a339b4ec88b924a0aa5e2590a1ebe,200,2020-07-17T06:56:50.750816,,
,application/csv; header=present,0.172,27b999c89602a101c4f8c3306eddd8893b7770b5d10efa0ff650d9a6ff0c71fc,89be2b04f644f8918bcb3a30dc19491c122d7fc67f3b3130bd55bb45cf36e418,200,2020-07-30T17:41:12.556074,,
,application/csv; header=present,0.342,66730baaf4d462c19a5051c278129b902482f7de96b930c62d23d482e85b03e5,2b5146a0ca0b8f464b4f3a3978c656bdfefc4f722e104418faed7aa17af756b8,200,2020-07-30T17:41:12.556074,,
,application/csv; header=present,0.138,66de2d91b12fd1cb18c3babf02ceadb69622ac22a87e73f75b5643fcf6b60e76,6d62009568d56011a4c2dc84a7f1190cbfff8a5dbaf3b24cb600b90685ad952c,200,2020-07-30T17:41:12.556074,,
1706,application/csv; header=present,0.289,a40ed40ded2b89c46b0ccb6e8a5af7cc2154326e9b4014969a31460724d0fbff,441355ecf5aee71113d9833981206349235a339b4ec88b924a0aa5e2590a1ebe,200,2020-07-30T17:41:12.556074,,
,application/csv; header=present,0.175,27b999c89602a101c4f8c3306eddd8893b7770b5d10efa0ff650d9a6ff0c71fc,89be2b04f644f8918bcb3a30dc19491c122d7fc67f3b3130bd55bb45cf36e418,200,2020-08-05T16:05:30.693296,,
,application/csv; header=present,0.497,66730baaf4d462c19a5051c278129b902482f7de96b930c62d23d482e85b03e5,2b5146a0ca0b8f464b4f3a3978c656bdfefc4f722e104418faed7aa17af756b8,200,2020-08-05T16:05:30.693296,,
,application/csv; header=present,0.174,66de2d91b12fd1cb18c3babf02ceadb69622ac22a87e73f75b5643fcf6b60e76,6d62009568d56011a4c2dc84a7f1190cbfff8a5dbaf3b24cb600b90685ad952c,200,2020-08-05T16:05:30.693296,,
1706,application/csv; header=present,0.221,a40ed40ded2b89c46b0ccb6e8a5af7cc2154326e9b4014969a31460724d0fbff,441355ecf5aee71113d9833981206349235a339b4ec88b924a0aa5e2590a1ebe,200,2020-08-05T16:05:30.693296,,
,application/csv; header=present,0.17,27b999c89602a101c4f8c3306eddd8893b7770b5d10efa0ff650d9a6ff0c71fc,89be2b04f644f8918bcb3a30dc19491c122d7fc67f3b3130bd55bb45cf36e418,200,2020-08-07T18:25:16.685762,,
,application/csv; header=present,0.302,66730baaf4d462c19a5051c278129b902482f7de96b930c62d23d482e85b03e5,2b5146a0ca0b8f464b4f3a3978c656bdfefc4f722e104418faed7aa17af756b8,200,2020-08-07T18:25:16.685762,,
,application/csv; header=present,0.124,66de2d91b12fd1cb18c3babf02ceadb69622ac22a87e73f75b5643fcf6b60e76,6d62009568d56011a4c2dc84a7f1190cbfff8a5dbaf3b24cb600b90685ad952c,200,2020-08-07T18:25:16.685762,,
1706,application/csv; header=present,0.16,a40ed40ded2b89c46b0ccb6e8a5af7cc2154326e9b4014969a31460724d0fbff,441355ecf5aee71113d9833981206349235a339b4ec88b924a0aa5e2590a1ebe,200,2020-08-07T18:25:16.685762,,
,application/csv; header=present,0.149,27b999c89602a101c4f8c3306eddd8893b7770b5d10efa0ff650d9a6ff0c71fc,89be2b04f644f8918bcb3a30dc19491c122d7fc67f3b3130bd55bb45cf36e418,200,2020-08-10T12:43:37.027853,,
,application/csv; header=present,0.316,66730baaf4d462c19a5051c278129b902482f7de96b930c62d23d482e85b03e5,2b5146a0ca0b8f464b4f3a3978c656bdfefc4f722e104418faed7aa17af756b8,200,2020-08-10T12:43:37.027853,,
,application/csv; header=present,0.171,66de2d91b12fd1cb18c3babf02ceadb69622ac22a87e73f75b5643fcf6b60e76,6d62009568d56011a4c2dc84a7f1190cbfff8a5dbaf3b24cb600b90685ad952c,200,2020-08-10T12:43:37.027853,,
1706,application/csv; header=present,0.235,a40ed40ded2b89c46b0ccb6e8a5af7cc2154326e9b4014969a31460724d0fbff,441355ecf5aee71113d9833981206349235a339b4ec88b924a0aa5e2590a1ebe,200,2020-08-10T12:43:37.027853,,
,application/csv; header=present,0.272,27b999c89602a101c4f8c3306eddd8893b7770b5d10efa0ff650d9a6ff0c71fc,89be2b04f644f8918bcb3a30dc19491c122d7fc67f3b3130bd55bb45cf36e418,200,2020-08-11T06:45:31.867414,,
,application/csv; header=present,0.307,66730baaf4d462c19a5051c278129b902482f7de96b930c62d23d482e85b03e5,2b5146a0ca0b8f464b4f3a3978c656bdfefc4f722e104418faed7aa17af756b8,200,2020-08-11T06:45:31.867414,,
,application/csv; header=present,0.201,66de2d91b12fd1cb18c3babf02ceadb69622ac22a87e73f75b5643fcf6b60e76,6d62009568d56011a4c2dc84a7f1190cbfff8a5dbaf3b24cb600b90685ad952c,200,2020-08-11T06:45:31.867414,,
1706,application/csv; header=present,0.143,a40ed40ded2b89c46b0ccb6e8a5af7cc2154326e9b4014969a31460724d0fbff,441355ecf5aee71113d9833981206349235a339b4ec88b924a0aa5e2590a1ebe,200,2020-08-11T06:45:31.867414,,
,application/csv; header=present,0.205,27b999c89602a101c4f8c3306eddd8893b7770b5d10efa0ff650d9a6ff0c71fc,89be2b04f644f8918bcb3a30dc19491c122d7fc67f3b3130bd55bb45cf36e418,200,2020-08-13T07:06:46.228530,,
,application/csv; header=present,0.38,66730baaf4d462c19a5051c278129b902482f7de96b930c62d23d482e85b03e5,2b5146a0ca0b8f464b4f3a3978c656bdfefc4f722e104418faed7aa17af756b8,200,2020-08-13T07:06:46.228530,,
,application/csv; header=present,0.201,66de2d91b12fd1cb18c3babf02ceadb69622ac22a87e73f75b5643fcf6b60e76,6d62009568d56011a4c2dc84a7f1190cbfff8a5dbaf3b24cb600b90685ad952c,200,2020-08-13T07:06:46.228530,,
1706,application/csv; header=present,0.25,a40ed40ded2b89c46b0ccb6e8a5af7cc2154326e9b4014969a31460724d0fbff,441355ecf5aee71113d9833981206349235a339b4ec88b924a0aa5e2590a1ebe,200,2020-08-13T07:06:46.228530,,
,application/csv; header=present,0.199,27b999c89602a101c4f8c3306eddd8893b7770b5d10efa0ff650d9a6ff0c71fc,89be2b04f644f8918bcb3a30dc19491c122d7fc67f3b3130bd55bb45cf36e418,200,2020-08-15T14:31:17.645621,,
,application/csv; header=present,0.374,66730baaf4d462c19a5051c278129b902482f7de96b930c62d23d482e85b03e5,2b5146a0ca0b8f464b4f3a3978c656bdfefc4f722e104418faed7aa17af756b8,200,2020-08-15T14:31:17.645621,,
,application/csv; header=present,0.204,66de2d91b12fd1cb18c3babf02ceadb69622ac22a87e73f75b5643fcf6b60e76,6d62009568d56011a4c2dc84a7f1190cbfff8a5dbaf3b24cb600b90685ad952c,200,2020-08-15T14:31:17.645621,,
1706,application/csv; header=present,0.2,a40ed40ded2b89c46b0ccb6e8a5af7cc2154326e9b4014969a31460724d0fbff,441355ecf5aee71113d9833981206349235a339b4ec88b924a0aa5e2590a1ebe,200,2020-08-15T14:31:17.645621,,
,application/csv; header=present,0.196,27b999c89602a101c4f8c3306eddd8893b7770b5d10efa0ff650d9a6ff0c71fc,89be2b04f644f8918bcb3a30dc19491c122d7fc67f3b3130bd55bb45cf36e418,200,2020-08-16T09:40:18.995425,,
,application/csv; header=present,0.291,66730baaf4d462c19a5051c278129b902482f7de96b930c62d23d482e85b03e5,2b5146a0ca0b8f464b4f3a3978c656bdfefc4f722e104418faed7aa17af756b8,200,2020-08-16T09:40:18.995425,,
,application/csv; header=present,0.122,66de2d91b12fd1cb18c3babf02ceadb69622ac22a87e73f75b5643fcf6b60e76,6d62009568d56011a4c2dc84a7f1190cbfff8a5dbaf3b24cb600b90685ad952c,200,2020-08-16T09:40:18.995425,,
1706,application/csv; header=present,0.253,a40ed40ded2b89c46b0ccb6e8a5af7cc2154326e9b4014969a31460724d0fbff,441355ecf5aee71113d9833981206349235a339b4ec88b924a0aa5e2590a1ebe,200,2020-08-16T09:40:18.995425,,
,application/csv; header=present,0.308,27b999c89602a101c4f8c3306eddd8893b7770b5d10efa0ff650d9a6ff0c71fc,89be2b04f644f8918bcb3a30dc19491c122d7fc67f3b3130bd55bb45cf36e418,200,2020-08-17T07:20:19.660341,,
,application/csv; header=present,0.49,66730baaf4d462c19a5051c278129b902482f7de96b930c62d23d482e85b03e5,2b5146a0ca0b8f464b4f3a3978c656bdfefc4f722e104418faed7aa17af756b8,200,2020-08-17T07:20:19.660341,,
,application/csv; header=present,0.194,66de2d91b12fd1cb18c3babf02ceadb69622ac22a87e73f75b5643fcf6b60e76,6d62009568d56011a4c2dc84a7f1190cbfff8a5dbaf3b24cb600b90685ad952c,200,2020-08-17T07:20:19.660341,,
1706,application/csv; header=present,0.194,a40ed40ded2b89c46b0ccb6e8a5af7cc2154326e9b4014969a31460724d0fbff,441355ecf5aee71113d9833981206349235a339b4ec88b924a0aa5e2590a1ebe,200,2020-08-17T07:20:19.660341,,
,application/csv; header=present,0.225,27b999c89602a101c4f8c3306eddd8893b7770b5d10efa0ff650d9a6ff0c71fc,89be2b04f644f8918bcb3a30dc19491c122d7fc67f3b3130bd55bb45cf36e418,200,2020-08-25T18:27:24.246309,,
,application/csv; header=present,0.441,66730baaf4d462c19a5051c278129b902482f7de96b930c62d23d482e85b03e5,2b5146a0ca0b8f464b4f3a3978c656bdfefc4f722e104418faed7aa17af756b8,200,2020-08-25T18:27:24.246309,,
,application/csv; header=present,0.239,66de2d91b12fd1cb18c3babf02ceadb69622ac22a87e73f75b5643fcf6b60e76,6d62009568d56011a4c2dc84a7f1190cbfff8a5dbaf3b24cb600b90685ad952c,200,2020-08-25T18:27:24.246309,,
1706,application/csv; header=present,0.208,a40ed40ded2b89c46b0ccb6e8a5af7cc2154326e9b4014969a31460724d0fbff,441355ecf5aee71113d9833981206349235a339b4ec88b924a0aa5e2590a1ebe,200,2020-08-25T18:27:24.246309,,
,application/csv; header=present,0.272,27b999c89602a101c4f8c3306eddd8893b7770b5d10efa0ff650d9a6ff0c71fc,89be2b04f644f8918bcb3a30dc19491c122d7fc67f3b3130bd55bb45cf36e418,200,2020-08-26T13:46:04.551379,,
,application/csv; header=present,0.302,66730baaf4d462c19a5051c278129b902482f7de96b930c62d23d482e85b03e5,2b5146a0ca0b8f464b4f3a3978c656bdfefc4f722e104418faed7aa17af756b8,200,2020-08-26T13:46:04.551379,,
,application/csv; header=present,0.127,66de2d91b12fd1cb18c3babf02ceadb69622ac22a87e73f75b5643fcf6b60e76,6d62009568d56011a4c2dc84a7f1190cbfff8a5dbaf3b24cb600b90685ad952c,200,2020-08-26T13:46:04.551379,,
1706,application/csv; header=present,0.193,a40ed40ded2b89c46b0ccb6e8a5af7cc2154326e9b4014969a31460724d0fbff,441355ecf5aee71113d9833981206349235a339b4ec88b924a0aa5e2590a1ebe,200,2020-08-26T13:46:04.551379,,
,application/csv; header=present,0.152,27b999c89602a101c4f8c3306eddd8893b7770b5d10efa0ff650d9a6ff0c71fc,89be2b04f644f8918bcb3a30dc19491c122d7fc67f3b3130bd55bb45cf36e418,200,2020-09-03T17:27:05.892390,,
,application/csv; header=present,0.344,66730baaf4d462c19a5051c278129b902482f7de96b930c62d23d482e85b03e5,2b5146a0ca0b8f464b4f3a3978c656bdfefc4f722e104418faed7aa17af756b8,200,2020-09-03T17:27:05.892390,,
,application/csv; header=present,0.231,66de2d91b12fd1cb18c3babf02ceadb69622ac22a87e73f75b5643fcf6b60e76,6d62009568d56011a4c2dc84a7f1190cbfff8a5dbaf3b24cb600b90685ad952c,200,2020-09-03T17:27:05.892390,,
1706,application/csv; header=present,0.221,a40ed40ded2b89c46b0ccb6e8a5af7cc2154326e9b4014969a31460724d0fbff,441355ecf5aee71113d9833981206349235a339b4ec88b924a0aa5e2590a1ebe,200,2020-09-03T17:27:05.892390,,
,application/csv; header=present,0.16,27b999c89602a101c4f8c3306eddd8893b7770b5d10efa0ff650d9a6ff0c71fc,89be2b04f644f8918bcb3a30dc19491c122d7fc67f3b3130bd55bb45cf36e418,200,2020-09-04T14:16:43.607014,,
,application/csv; header=present,0.307,66730baaf4d462c19a5051c278129b902482f7de96b930c62d23d482e85b03e5,2b5146a0ca0b8f464b4f3a3978c656bdfefc4f722e104418faed7aa17af756b8,200,2020-09-04T14:16:43.607014,,
,application/csv; header=present,0.18,66de2d91b12fd1cb18c3babf02ceadb69622ac22a87e73f75b5643fcf6b60e76,6d62009568d56011a4c2dc84a7f1190cbfff8a5dbaf3b24cb600b90685ad952c,200,2020-09-04T14:16:43.607014,,
1706,application/csv; header=present,0.14,a40ed40ded2b89c46b0ccb6e8a5af7cc2154326e9b4014969a31460724d0fbff,441355ecf5aee71113d9833981206349235a339b4ec88b924a0aa5e2590a1ebe,200,2020-09-04T14:16:43.607014,,
,application/csv; header=present,0.2,27b999c89602a101c4f8c3306eddd8893b7770b5d10efa0ff650d9a6ff0c71fc,89be2b04f644f8918bcb3a30dc19491c122d7fc67f3b3130bd55bb45cf36e418,200,2020-09-07T13:57:33.510375,,
,application/csv; header=present,0.31,66730baaf4d462c19a5051c278129b902482f7de96b930c62d23d482e85b03e5,2b5146a0ca0b8f464b4f3a3978c656bdfefc4f722e104418faed7aa17af756b8,200,2020-09-07T13:57:33.510375,,
,application/csv; header=present,0.308,66de2d91b12fd1cb18c3babf02ceadb69622ac22a87e73f75b5643fcf6b60e76,6d62009568d56011a4c2dc84a7f1190cbfff8a5dbaf3b24cb600b90685ad952c,200,2020-09-07T13:57:33.510375,,
1706,application/csv; header=present,0.21,a40ed40ded2b89c46b0ccb6e8a5af7cc2154326e9b4014969a31460724d0fbff,441355ecf5aee71113d9833981206349235a339b4ec88b924a0aa5e2590a1ebe,200,2020-09-07T13:57:33.510375,,
,application/csv; header=present,0.245,27b999c89602a101c4f8c3306eddd8893b7770b5d10efa0ff650d9a6ff0c71fc,89be2b04f644f8918bcb3a30dc19491c122d7fc67f3b3130bd55bb45cf36e418,200,2020-09-08T06:47:32.739239,,
,application/csv; header=present,0.322,66730baaf4d462c19a5051c278129b902482f7de96b930c62d23d482e85b03e5,2b5146a0ca0b8f464b4f3a3978c656bdfefc4f722e104418faed7aa17af756b8,200,2020-09-08T06:47:32.739239,,
,application/csv; header=present,0.118,66de2d91b12fd1cb18c3babf02ceadb69622ac22a87e73f75b5643fcf6b60e76,6d62009568d56011a4c2dc84a7f1190cbfff8a5dbaf3b24cb600b90685ad952c,200,2020-09-08T06:47:32.739239,,
1706,application/csv; header=present,0.151,a40ed40ded2b89c46b0ccb6e8a5af7cc2154326e9b4014969a31460724d0fbff,441355ecf5aee71113d9833981206349235a339b4ec88b924a0aa5e2590a1ebe,200,2020-09-08T06:47:32.739239,,
,application/csv; header=present,0.18,27b999c89602a101c4f8c3306eddd8893b7770b5d10efa0ff650d9a6ff0c71fc,89be2b04f644f8918bcb3a30dc19491c122d7fc67f3b3130bd55bb45cf36e418,200,2020-09-09T07:17:38.047621,,
,application/csv; header=present,0.33,66730baaf4d462c19a5051c278129b902482f7de96b930c62d23d482e85b03e5,2b5146a0ca0b8f464b4f3a3978c656bdfefc4f722e104418faed7aa17af756b8,200,2020-09-09T07:17:38.047621,,
,application/csv; header=present,0.203,66de2d91b12fd1cb18c3babf02ceadb69622ac22a87e73f75b5643fcf6b60e76,6d62009568d56011a4c2dc84a7f1190cbfff8a5dbaf3b24cb600b90685ad952c,200,2020-09-09T07:17:38.047621,,
1706,application/csv; header=present,0.122,a40ed40ded2b89c46b0ccb6e8a5af7cc2154326e9b4014969a31460724d0fbff,441355ecf5aee71113d9833981206349235a339b4ec88b924a0aa5e2590a1ebe,200,2020-09-09T07:17:38.047621,,
,application/csv; header=present,0.246,27b999c89602a101c4f8c3306eddd8893b7770b5d10efa0ff650d9a6ff0c71fc,89be2b04f644f8918bcb3a30dc19491c122d7fc67f3b3130bd55bb45cf36e418,200,2020-09-17T08:16:23.575651,,
,application/csv; header=present,0.307,66730baaf4d462c19a5051c278129b902482f7de96b930c62d23d482e85b03e5,2b5146a0ca0b8f464b4f3a3978c656bdfefc4f722e104418faed7aa17af756b8,200,2020-09-17T08:16:23.575651,,
,application/csv; header=present,0.182,66de2d91b12fd1cb18c3babf02ceadb69622ac22a87e73f75b5643fcf6b60e76,6d62009568d56011a4c2dc84a7f1190cbfff8a5dbaf3b24cb600b90685ad952c,200,2020-09-17T08:16:23.575651,,
1706,application/csv; header=present,0.204,a40ed40ded2b89c46b0ccb6e8a5af7cc2154326e9b4014969a31460724d0fbff,441355ecf5aee71113d9833981206349235a339b4ec88b924a0aa5e2590a1ebe,200,2020-09-17T08:16:23.575651,,
,application/csv; header=present,0.163,27b999c89602a101c4f8c3306eddd8893b7770b5d10efa0ff650d9a6ff0c71fc,89be2b04f644f8918bcb3a30dc19491c122d7fc67f3b3130bd55bb45cf36e418,200,2020-09-18T14:02:57.126663,,
,application/csv; header=present,0.32,66730baaf4d462c19a5051c278129b902482f7de96b930c62d23d482e85b03e5,2b5146a0ca0b8f464b4f3a3978c656bdfefc4f722e104418faed7aa17af756b8,200,2020-09-18T14:02:57.126663,,
,application/csv; header=present,0.23,66de2d91b12fd1cb18c3babf02ceadb69622ac22a87e73f75b5643fcf6b60e76,6d62009568d56011a4c2dc84a7f1190cbfff8a5dbaf3b24cb600b90685ad952c,200,2020-09-18T14:02:57.126663,,
1706,application/csv; header=present,0.2,a40ed40ded2b89c46b0ccb6e8a5af7cc2154326e9b4014969a31460724d0fbff,441355ecf5aee71113d9833981206349235a339b4ec88b924a0aa5e2590a1ebe,200,2020-09-18T14:02:57.126663,,
,application/csv; header=present,0.248,27b999c89602a101c4f8c3306eddd8893b7770b5d10efa0ff650d9a6ff0c71fc,89be2b04f644f8918bcb3a30dc19491c122d7fc67f3b3130bd55bb45cf36e418,200,2020-09-28T18:31:51.869434,,
,application/csv; header=present,0.384,66730baaf4d462c19a5051c278129b902482f7de96b930c62d23d482e85b03e5,2b5146a0ca0b8f464b4f3a3978c656bdfefc4f722e104418faed7aa17af756b8,200,2020-09-28T18:31:51.869434,,
,application/csv; header=present,0.192,66de2d91b12fd1cb18c3babf02ceadb69622ac22a87e73f75b5643fcf6b60e76,6d62009568d56011a4c2dc84a7f1190cbfff8a5dbaf3b24cb600b90685ad952c,200,2020-09-28T18:31:51.869434,,
1706,application/csv; header=present,0.168,a40ed40ded2b89c46b0ccb6e8a5af7cc2154326e9b4014969a31460724d0fbff,441355ecf5aee71113d9833981206349235a339b4ec88b924a0aa5e2590a1ebe,200,2020-09-28T18:31:51.869434,,
,application/csv; header=present,0.407,27b999c89602a101c4f8c3306eddd8893b7770b5d10efa0ff650d9a6ff0c71fc,89be2b04f644f8918bcb3a30dc19491c122d7fc67f3b3130bd55bb45cf36e418,200,2020-10-20T16:33:18.211956,,
,application/csv; header=present,0.609,66730baaf4d462c19a5051c278129b902482f7de96b930c62d23d482e85b03e5,2b5146a0ca0b8f464b4f3a3978c656bdfefc4f722e104418faed7aa17af756b8,200,2020-10-20T16:33:18.211956,,
,application/csv; header=present,0.305,66de2d91b12fd1cb18c3babf02ceadb69622ac22a87e73f75b5643fcf6b60e76,6d62009568d56011a4c2dc84a7f1190cbfff8a5dbaf3b24cb600b90685ad952c,200,2020-10-20T16:33:18.211956,,
1706,application/csv; header=present,0.302,a40ed40ded2b89c46b0ccb6e8a5af7cc2154326e9b4014969a31460724d0fbff,441355ecf5aee71113d9833981206349235a339b4ec88b924a0aa5e2590a1ebe,200,2020-10-20T16:33:18.211956,,
,application/csv; header=present,0.142,27b999c89602a101c4f8c3306eddd8893b7770b5d10efa0ff650d9a6ff0c71fc,89be2b04f644f8918bcb3a30dc19491c122d7fc67f3b3130bd55bb45cf36e418,200,2020-11-11T13:46:52.902635,,
,application/csv; header=present,0.307,66730baaf4d462c19a5051c278129b902482f7de96b930c62d23d482e85b03e5,2b5146a0ca0b8f464b4f3a3978c656bdfefc4f722e104418faed7aa17af756b8,200,2020-11-11T13:46:52.902635,,
,application/csv; header=present,0.167,66de2d91b12fd1cb18c3babf02ceadb69622ac22a87e73f75b5643fcf6b60e76,6d62009568d56011a4c2dc84a7f1190cbfff8a5dbaf3b24cb600b90685ad952c,200,2020-11-11T13:46:52.902635,,
1706,application/csv; header=present,0.139,a40ed40ded2b89c46b0ccb6e8a5af7cc2154326e9b4014969a31460724d0fbff,441355ecf5aee71113d9833981206349235a339b4ec88b924a0aa5e2590a1ebe,200,2020-11-11T13:46:52.902635,,
,application/csv; header=present,0.306,27b999c89602a101c4f8c3306eddd8893b7770b5d10efa0ff650d9a6ff0c71fc,89be2b04f644f8918bcb3a30dc19491c122d7fc67f3b3130bd55bb45cf36e418,200,2020-11-16T17:43:21.374417,,
,application/csv; header=present,0.5,66730baaf4d462c19a5051c278129b902482f7de96b930c62d23d482e85b03e5,2b5146a0ca0b8f464b4f3a3978c656bdfefc4f722e104418faed7aa17af756b8,200,2020-11-16T17:43:21.374417,,
,application/csv; header=present,0.208,66de2d91b12fd1cb18c3babf02ceadb69622ac22a87e73f75b5643fcf6b60e76,6d62009568d56011a4c2dc84a7f1190cbfff8a5dbaf3b24cb600b90685ad952c,200,2020-11-16T17:43:21.374417,,
1706,application/csv; header=present,0.306,a40ed40ded2b89c46b0ccb6e8a5af7cc2154326e9b4014969a31460724d0fbff,441355ecf5aee71113d9833981206349235a339b4ec88b924a0aa5e2590a1ebe,200,2020-11-16T17:43:21.374417,,
,application/csv; header=present,0.2,27b999c89602a101c4f8c3306eddd8893b7770b5d10efa0ff650d9a6ff0c71fc,89be2b04f644f8918bcb3a30dc19491c122d7fc67f3b3130bd55bb45cf36e418,200,2020-11-24T10:29:56.815248,,
,application/csv; header=present,0.432,66730baaf4d462c19a5051c278129b902482f7de96b930c62d23d482e85b03e5,2b5146a0ca0b8f464b4f3a3978c656bdfefc4f722e104418faed7aa17af756b8,200,2020-11-24T10:29:56.815248,,
,application/csv; header=present,0.179,66de2d91b12fd1cb18c3babf02ceadb69622ac22a87e73f75b5643fcf6b60e76,6d62009568d56011a4c2dc84a7f1190cbfff8a5dbaf3b24cb600b90685ad952c,200,2020-11-24T10:29:56.815248,,
1706,application/csv; header=present,0.296,a40ed40ded2b89c46b0ccb6e8a5af7cc2154326e9b4014969a31460724d0fbff,441355ecf5aee71113d9833981206349235a339b4ec88b924a0aa5e2590a1ebe,200,2020-11-24T10:29:56.815248,,
,application/csv; header=present,0.157,27b999c89602a101c4f8c3306eddd8893b7770b5d10efa0ff650d9a6ff0c71fc,89be2b04f644f8918bcb3a30dc19491c122d7fc67f3b3130bd55bb45cf36e418,200,2020-11-26T09:38:26.843504,,
,application/csv; header=present,0.56,66730baaf4d462c19a5051c278129b902482f7de96b930c62d23d482e85b03e5,2b5146a0ca0b8f464b4f3a3978c656bdfefc4f722e104418faed7aa17af756b8,200,2020-11-26T09:38:26.843504,,
,application/csv; header=present,0.172,66de2d91b12fd1cb18c3babf02ceadb69622ac22a87e73f75b5643fcf6b60e76,6d62009568d56011a4c2dc84a7f1190cbfff8a5dbaf3b24cb600b90685ad952c,200,2020-11-26T09:38:26.843504,,
1706,application/csv; header=present,0.175,a40ed40ded2b89c46b0ccb6e8a5af7cc2154326e9b4014969a31460724d0fbff,441355ecf5aee71113d9833981206349235a339b4ec88b924a0aa5e2590a1ebe,200,2020-11-26T09:38:26.843504,,
,application/csv; header=present,0.19,27b999c89602a101c4f8c3306eddd8893b7770b5d10efa0ff650d9a6ff0c71fc,89be2b04f644f8918bcb3a30dc19491c122d7fc67f3b3130bd55bb45cf36e418,200,2020-11-27T08:43:42.940336,,
,application/csv; header=present,0.367,66730baaf4d462c19a5051c278129b902482f7de96b930c62d23d482e85b03e5,2b5146a0ca0b8f464b4f3a3978c656bdfefc4f722e104418faed7aa17af756b8,200,2020-11-27T08:43:42.940336,,
,application/csv; header=present,0.156,66de2d91b12fd1cb18c3babf02ceadb69622ac22a87e73f75b5643fcf6b60e76,6d62009568d56011a4c2dc84a7f1190cbfff8a5dbaf3b24cb600b90685ad952c,200,2020-11-27T08:43:42.940336,,
1706,application/csv; header=present,0.208,a40ed40ded2b89c46b0ccb6e8a5af7cc2154326e9b4014969a31460724d0fbff,441355ecf5aee71113d9833981206349235a339b4ec88b924a0aa5e2590a1ebe,200,2020-11-27T08:43:42.940336,,
,application/csv; header=present,0.173,27b999c89602a101c4f8c3306eddd8893b7770b5d10efa0ff650d9a6ff0c71fc,89be2b04f644f8918bcb3a30dc19491c122d7fc67f3b3130bd55bb45cf36e418,200,2020-12-01T18:12:50.480425,,
,application/csv; header=present,0.345,66730baaf4d462c19a5051c278129b902482f7de96b930c62d23d482e85b03e5,2b5146a0ca0b8f464b4f3a3978c656bdfefc4f722e104418faed7aa17af756b8,200,2020-12-01T18:12:50.480425,,
,application/csv; header=present,0.216,66de2d91b12fd1cb18c3babf02ceadb69622ac22a87e73f75b5643fcf6b60e76,6d62009568d56011a4c2dc84a7f1190cbfff8a5dbaf3b24cb600b90685ad952c,200,2020-12-01T18:12:50.480425,,
1706,application/csv; header=present,0.154,a40ed40ded2b89c46b0ccb6e8a5af7cc2154326e9b4014969a31460724d0fbff,441355ecf5aee71113d9833981206349235a339b4ec88b924a0aa5e2590a1ebe,200,2020-12-01T18:12:50.480425,,
,application/csv; header=present,0.539,27b999c89602a101c4f8c3306eddd8893b7770b5d10efa0ff650d9a6ff0c71fc,89be2b04f644f8918bcb3a30dc19491c122d7fc67f3b3130bd55bb45cf36e418,200,2020-12-02T00:49:41.205062,,
,application/csv; header=present,0.511,66730baaf4d462c19a5051c278129b902482f7de96b930c62d23d482e85b03e5,2b5146a0ca0b8f464b4f3a3978c656bdfefc4f722e104418faed7aa17af756b8,200,2020-12-02T00:49:41.205062,,
,application/csv; header=present,0.474,66de2d91b12fd1cb18c3babf02ceadb69622ac22a87e73f75b5643fcf6b60e76,6d62009568d56011a4c2dc84a7f1190cbfff8a5dbaf3b24cb600b90685ad952c,200,2020-12-02T00:49:41.205062,,
1706,application/csv; header=present,0.37,a40ed40ded2b89c46b0ccb6e8a5af7cc2154326e9b4014969a31460724d0fbff,441355ecf5aee71113d9833981206349235a339b4ec88b924a0aa5e2590a1ebe,200,2020-12-02T00:49:41.205062,,
,application/csv; header=present,0.427,27b999c89602a101c4f8c3306eddd8893b7770b5d10efa0ff650d9a6ff0c71fc,89be2b04f644f8918bcb3a30dc19491c122d7fc67f3b3130bd55bb45cf36e418,200,2020-12-03T00:48:51.266013,,
,application/csv; header=present,0.695,66730baaf4d462c19a5051c278129b902482f7de96b930c62d23d482e85b03e5,2b5146a0ca0b8f464b4f3a3978c656bdfefc4f722e104418faed7aa17af756b8,200,2020-12-03T00:48:51.266013,,
,application/csv; header=present,0.23,66de2d91b12fd1cb18c3babf02ceadb69622ac22a87e73f75b5643fcf6b60e76,6d62009568d56011a4c2dc84a7f1190cbfff8a5dbaf3b24cb600b90685ad952c,200,2020-12-03T00:48:51.266013,,
1706,application/csv; header=present,0.422,a40ed40ded2b89c46b0ccb6e8a5af7cc2154326e9b4014969a31460724d0fbff,441355ecf5aee71113d9833981206349235a339b4ec88b924a0aa5e2590a1ebe,200,2020-12-03T00:48:51.266013,,
,application/csv; header=present,0.442,27b999c89602a101c4f8c3306eddd8893b7770b5d10efa0ff650d9a6ff0c71fc,89be2b04f644f8918bcb3a30dc19491c122d7fc67f3b3130bd55bb45cf36e418,200,2020-12-04T00:50:15.820927,,
,application/csv; header=present,0.635,66730baaf4d462c19a5051c278129b902482f7de96b930c62d23d482e85b03e5,2b5146a0ca0b8f464b4f3a3978c656bdfefc4f722e104418faed7aa17af756b8,200,2020-12-04T00:50:15.820927,,
,application/csv; header=present,0.459,66de2d91b12fd1cb18c3babf02ceadb69622ac22a87e73f75b5643fcf6b60e76,6d62009568d56011a4c2dc84a7f1190cbfff8a5dbaf3b24cb600b90685ad952c,200,2020-12-04T00:50:15.820927,,
1706,application/csv; header=present,0.398,a40ed40ded2b89c46b0ccb6e8a5af7cc2154326e9b4014969a31460724d0fbff,441355ecf5aee71113d9833981206349235a339b4ec88b924a0aa5e2590a1ebe,200,2020-12-04T00:50:15.820927,,
,application/csv; header=present,0.475,27b999c89602a101c4f8c3306eddd8893b7770b5d10efa0ff650d9a6ff0c71fc,89be2b04f644f8918bcb3a30dc19491c122d7fc67f3b3130bd55bb45cf36e418,200,2020-12-05T00:50:54.478294,,
,application/csv; header=present,0.644,66730baaf4d462c19a5051c278129b902482f7de96b930c62d23d482e85b03e5,2b5146a0ca0b8f464b4f3a3978c656bdfefc4f722e104418faed7aa17af756b8,200,2020-12-05T00:50:54.478294,,
,application/csv; header=present,0.446,66de2d91b12fd1cb18c3babf02ceadb69622ac22a87e73f75b5643fcf6b60e76,6d62009568d56011a4c2dc84a7f1190cbfff8a5dbaf3b24cb600b90685ad952c,200,2020-12-05T00:50:54.478294,,
1706,application/csv; header=present,0.375,a40ed40ded2b89c46b0ccb6e8a5af7cc2154326e9b4014969a31460724d0fbff,441355ecf5aee71113d9833981206349235a339b4ec88b924a0aa5e2590a1ebe,200,2020-12-05T00:50:54.478294,,
,application/csv; header=present,0.483,27b999c89602a101c4f8c3306eddd8893b7770b5d10efa0ff650d9a6ff0c71fc,89be2b04f644f8918bcb3a30dc19491c122d7fc67f3b3130bd55bb45cf36e418,200,2020-12-06T00:53:59.127490,,
,application/csv; header=present,0.618,66730baaf4d462c19a5051c278129b902482f7de96b930c62d23d482e85b03e5,2b5146a0ca0b8f464b4f3a3978c656bdfefc4f722e104418faed7aa17af756b8,200,2020-12-06T00:53:59.127490,,
,application/csv; header=present,0.258,66de2d91b12fd1cb18c3babf02ceadb69622ac22a87e73f75b5643fcf6b60e76,6d62009568d56011a4c2dc84a7f1190cbfff8a5dbaf3b24cb600b90685ad952c,200,2020-12-06T00:53:59.127490,,
1706,application/csv; header=present,0.426,a40ed40ded2b89c46b0ccb6e8a5af7cc2154326e9b4014969a31460724d0fbff,441355ecf5aee71113d9833981206349235a339b4ec88b924a0aa5e2590a1ebe,200,2020-12-06T00:53:59.127490,,
,application/csv; header=present,0.499,27b999c89602a101c4f8c3306eddd8893b7770b5d10efa0ff650d9a6ff0c71fc,89be2b04f644f8918bcb3a30dc19491c122d7fc67f3b3130bd55bb45cf36e418,200,2020-12-07T00:53:09.777337,,
,application/csv; header=present,0.558,66730baaf4d462c19a5051c278129b902482f7de96b930c62d23d482e85b03e5,2b5146a0ca0b8f464b4f3a3978c656bdfefc4f722e104418faed7aa17af756b8,200,2020-12-07T00:53:09.777337,,
,application/csv; header=present,0.284,66de2d91b12fd1cb18c3babf02ceadb69622ac22a87e73f75b5643fcf6b60e76,6d62009568d56011a4c2dc84a7f1190cbfff8a5dbaf3b24cb600b90685ad952c,200,2020-12-07T00:53:09.777337,,
1706,application/csv; header=present,0.379,a40ed40ded2b89c46b0ccb6e8a5af7cc2154326e9b4014969a31460724d0fbff,441355ecf5aee71113d9833981206349235a339b4ec88b924a0aa5e2590a1ebe,200,2020-12-07T00:53:09.777337,,
,application/csv; header=present,0.464,27b999c89602a101c4f8c3306eddd8893b7770b5d10efa0ff650d9a6ff0c71fc,89be2b04f644f8918bcb3a30dc19491c122d7fc67f3b3130bd55bb45cf36e418,200,2020-12-08T00:52:29.194390,,
,application/csv; header=present,0.636,66730baaf4d462c19a5051c278129b902482f7de96b930c62d23d482e85b03e5,2b5146a0ca0b8f464b4f3a3978c656bdfefc4f722e104418faed7aa17af756b8,200,2020-12-08T00:52:29.194390,,
,application/csv; header=present,0.227,66de2d91b12fd1cb18c3babf02ceadb69622ac22a87e73f75b5643fcf6b60e76,6d62009568d56011a4c2dc84a7f1190cbfff8a5dbaf3b24cb600b90685ad952c,200,2020-12-08T00:52:29.194390,,
1706,application/csv; header=present,0.302,a40ed40ded2b89c46b0ccb6e8a5af7cc2154326e9b4014969a31460724d0fbff,441355ecf5aee71113d9833981206349235a339b4ec88b924a0aa5e2590a1ebe,200,2020-12-08T00:52:29.194390,,
,application/csv; header=present,0.502,27b999c89602a101c4f8c3306eddd8893b7770b5d10efa0ff650d9a6ff0c71fc,89be2b04f644f8918bcb3a30dc19491c122d7fc67f3b3130bd55bb45cf36e418,200,2020-12-09T00:52:49.456347,,
,application/csv; header=present,0.636,66730baaf4d462c19a5051c278129b902482f7de96b930c62d23d482e85b03e5,2b5146a0ca0b8f464b4f3a3978c656bdfefc4f722e104418faed7aa17af756b8,200,2020-12-09T00:52:49.456347,,
,application/csv; header=present,0.433,66de2d91b12fd1cb18c3babf02ceadb69622ac22a87e73f75b5643fcf6b60e76,6d62009568d56011a4c2dc84a7f1190cbfff8a5dbaf3b24cb600b90685ad952c,200,2020-12-09T00:52:49.456347,,
1706,application/csv; header=present,0.416,a40ed40ded2b89c46b0ccb6e8a5af7cc2154326e9b4014969a31460724d0fbff,441355ecf5aee71113d9833981206349235a339b4ec88b924a0aa5e2590a1ebe,200,2020-12-09T00:52:49.456347,,
,application/csv; header=present,0.477,27b999c89602a101c4f8c3306eddd8893b7770b5d10efa0ff650d9a6ff0c71fc,89be2b04f644f8918bcb3a30dc19491c122d7fc67f3b3130bd55bb45cf36e418,200,2020-12-10T00:53:48.854383,,
,application/csv; header=present,0.668,66730baaf4d462c19a5051c278129b902482f7de96b930c62d23d482e85b03e5,2b5146a0ca0b8f464b4f3a3978c656bdfefc4f722e104418faed7aa17af756b8,200,2020-12-10T00:53:48.854383,,
,application/csv; header=present,0.461,66de2d91b12fd1cb18c3babf02ceadb69622ac22a87e73f75b5643fcf6b60e76,6d62009568d56011a4c2dc84a7f1190cbfff8a5dbaf3b24cb600b90685ad952c,200,2020-12-10T00:53:48.854383,,
1706,application/csv; header=present,0.385,a40ed40ded2b89c46b0ccb6e8a5af7cc2154326e9b4014969a31460724d0fbff,441355ecf5aee71113d9833981206349235a339b4ec88b924a0aa5e2590a1ebe,200,2020-12-10T00:53:48.854383,,
,application/csv; header=present,0.702,27b999c89602a101c4f8c3306eddd8893b7770b5d10efa0ff650d9a6ff0c71fc,89be2b04f644f8918bcb3a30dc19491c122d7fc67f3b3130bd55bb45cf36e418,200,2020-12-11T00:54:24.536011,,
,application/csv; header=present,0.738,66730baaf4d462c19a5051c278129b902482f7de96b930c62d23d482e85b03e5,2b5146a0ca0b8f464b4f3a3978c656bdfefc4f722e104418faed7aa17af756b8,200,2020-12-11T00:54:24.536011,,
,application/csv; header=present,0.711,66de2d91b12fd1cb18c3babf02ceadb69622ac22a87e73f75b5643fcf6b60e76,6d62009568d56011a4c2dc84a7f1190cbfff8a5dbaf3b24cb600b90685ad952c,200,2020-12-11T00:54:24.536011,,
1706,application/csv; header=present,0.551,a40ed40ded2b89c46b0ccb6e8a5af7cc2154326e9b4014969a31460724d0fbff,441355ecf5aee71113d9833981206349235a339b4ec88b924a0aa5e2590a1ebe,200,2020-12-11T00:54:24.536011,,
,application/csv; header=present,0.454,27b999c89602a101c4f8c3306eddd8893b7770b5d10efa0ff650d9a6ff0c71fc,89be2b04f644f8918bcb3a30dc19491c122d7fc67f3b3130bd55bb45cf36e418,200,2020-12-12T00:54:25.517088,,
,application/csv; header=present,0.553,66730baaf4d462c19a5051c278129b902482f7de96b930c62d23d482e85b03e5,2b5146a0ca0b8f464b4f3a3978c656bdfefc4f722e104418faed7aa17af756b8,200,2020-12-12T00:54:25.517088,,
,application/csv; header=present,0.463,66de2d91b12fd1cb18c3babf02ceadb69622ac22a87e73f75b5643fcf6b60e76,6d62009568d56011a4c2dc84a7f1190cbfff8a5dbaf3b24cb600b90685ad952c,200,2020-12-12T00:54:25.517088,,
1706,application/csv; header=present,0.443,a40ed40ded2b89c46b0ccb6e8a5af7cc2154326e9b4014969a31460724d0fbff,441355ecf5aee71113d9833981206349235a339b4ec88b924a0aa5e2590a1ebe,200,2020-12-12T00:54:25.517088,,
,application/csv; header=present,0.582,27b999c89602a101c4f8c3306eddd8893b7770b5d10efa0ff650d9a6ff0c71fc,89be2b04f644f8918bcb3a30dc19491c122d7fc67f3b3130bd55bb45cf36e418,200,2020-12-13T00:57:29.682578,,
,application/csv; header=present,0.551,66730baaf4d462c19a5051c278129b902482f7de96b930c62d23d482e85b03e5,2b5146a0ca0b8f464b4f3a3978c656bdfefc4f722e104418faed7aa17af756b8,200,2020-12-13T00:57:29.682578,,
,application/csv; header=present,0.236,66de2d91b12fd1cb18c3babf02ceadb69622ac22a87e73f75b5643fcf6b60e76,6d62009568d56011a4c2dc84a7f1190cbfff8a5dbaf3b24cb600b90685ad952c,200,2020-12-13T00:57:29.682578,,
1706,application/csv; header=present,0.415,a40ed40ded2b89c46b0ccb6e8a5af7cc2154326e9b4014969a31460724d0fbff,441355ecf5aee71113d9833981206349235a339b4ec88b924a0aa5e2590a1ebe,200,2020-12-13T00:57:29.682578,,
,application/csv; header=present,0.475,27b999c89602a101c4f8c3306eddd8893b7770b5d10efa0ff650d9a6ff0c71fc,89be2b04f644f8918bcb3a30dc19491c122d7fc67f3b3130bd55bb45cf36e418,200,2020-12-14T00:56:18.943052,,
,application/csv; header=present,0.776,66730baaf4d462c19a5051c278129b902482f7de96b930c62d23d482e85b03e5,2b5146a0ca0b8f464b4f3a3978c656bdfefc4f722e104418faed7aa17af756b8,200,2020-12-14T00:56:18.943052,,
,application/csv; header=present,0.484,66de2d91b12fd1cb18c3babf02ceadb69622ac22a87e73f75b5643fcf6b60e76,6d62009568d56011a4c2dc84a7f1190cbfff8a5dbaf3b24cb600b90685ad952c,200,2020-12-14T00:56:18.943052,,
1706,application/csv; header=present,0.435,a40ed40ded2b89c46b0ccb6e8a5af7cc2154326e9b4014969a31460724d0fbff,441355ecf5aee71113d9833981206349235a339b4ec88b924a0aa5e2590a1ebe,200,2020-12-14T00:56:18.943052,,
,application/csv; header=present,0.528,27b999c89602a101c4f8c3306eddd8893b7770b5d10efa0ff650d9a6ff0c71fc,89be2b04f644f8918bcb3a30dc19491c122d7fc67f3b3130bd55bb45cf36e418,200,2020-12-15T00:54:05.184064,,
,application/csv; header=present,0.496,66730baaf4d462c19a5051c278129b902482f7de96b930c62d23d482e85b03e5,2b5146a0ca0b8f464b4f3a3978c656bdfefc4f722e104418faed7aa17af756b8,200,2020-12-15T00:54:05.184064,,
,application/csv; header=present,0.463,66de2d91b12fd1cb18c3babf02ceadb69622ac22a87e73f75b5643fcf6b60e76,6d62009568d56011a4c2dc84a7f1190cbfff8a5dbaf3b24cb600b90685ad952c,200,2020-12-15T00:54:05.184064,,
1706,application/csv; header=present,0.415,a40ed40ded2b89c46b0ccb6e8a5af7cc2154326e9b4014969a31460724d0fbff,441355ecf5aee71113d9833981206349235a339b4ec88b924a0aa5e2590a1ebe,200,2020-12-15T00:54:05.184064,,
,application/csv; header=present,0.409,27b999c89602a101c4f8c3306eddd8893b7770b5d10efa0ff650d9a6ff0c71fc,89be2b04f644f8918bcb3a30dc19491c122d7fc67f3b3130bd55bb45cf36e418,200,2020-12-16T06:09:56.011566,,
,application/csv; header=present,0.486,66730baaf4d462c19a5051c278129b902482f7de96b930c62d23d482e85b03e5,2b5146a0ca0b8f464b4f3a3978c656bdfefc4f722e104418faed7aa17af756b8,200,2020-12-16T06:09:56.011566,,
,application/csv; header=present,0.204,66de2d91b12fd1cb18c3babf02ceadb69622ac22a87e73f75b5643fcf6b60e76,6d62009568d56011a4c2dc84a7f1190cbfff8a5dbaf3b24cb600b90685ad952c,200,2020-12-16T06:09:56.011566,,
1706,application/csv; header=present,0.188,a40ed40ded2b89c46b0ccb6e8a5af7cc2154326e9b4014969a31460724d0fbff,441355ecf5aee71113d9833981206349235a339b4ec88b924a0aa5e2590a1ebe,200,2020-12-16T06:09:56.011566,,
,application/csv; header=present,0.307,27b999c89602a101c4f8c3306eddd8893b7770b5d10efa0ff650d9a6ff0c71fc,89be2b04f644f8918bcb3a30dc19491c122d7fc67f3b3130bd55bb45cf36e418,200,2020-12-19T12:17:15.316999,,
,application/csv; header=present,0.519,66730baaf4d462c19a5051c278129b902482f7de96b930c62d23d482e85b03e5,2b5146a0ca0b8f464b4f3a3978c656bdfefc4f722e104418faed7aa17af756b8,200,2020-12-19T12:17:15.316999,,
,application/csv; header=present,0.305,66de2d91b12fd1cb18c3babf02ceadb69622ac22a87e73f75b5643fcf6b60e76,6d62009568d56011a4c2dc84a7f1190cbfff8a5dbaf3b24cb600b90685ad952c,200,2020-12-19T12:17:15.316999,,
1706,application/csv; header=present,0.296,a40ed40ded2b89c46b0ccb6e8a5af7cc2154326e9b4014969a31460724d0fbff,441355ecf5aee71113d9833981206349235a339b4ec88b924a0aa5e2590a1ebe,200,2020-12-19T12:17:15.316999,,
,application/csv; header=present,0.505,27b999c89602a101c4f8c3306eddd8893b7770b5d10efa0ff650d9a6ff0c71fc,89be2b04f644f8918bcb3a30dc19491c122d7fc67f3b3130bd55bb45cf36e418,200,2020-12-21T19:51:27.966044,,
,application/csv; header=present,0.529,66730baaf4d462c19a5051c278129b902482f7de96b930c62d23d482e85b03e5,2b5146a0ca0b8f464b4f3a3978c656bdfefc4f722e104418faed7aa17af756b8,200,2020-12-21T19:51:27.966044,,
,application/csv; header=present,0.472,66de2d91b12fd1cb18c3babf02ceadb69622ac22a87e73f75b5643fcf6b60e76,6d62009568d56011a4c2dc84a7f1190cbfff8a5dbaf3b24cb600b90685ad952c,200,2020-12-21T19:51:27.966044,,
1706,application/csv; header=present,0.468,a40ed40ded2b89c46b0ccb6e8a5af7cc2154326e9b4014969a31460724d0fbff,441355ecf5aee71113d9833981206349235a339b4ec88b924a0aa5e2590a1ebe,200,2020-12-21T19:51:27.966044,,
,application/csv; header=present,0.515,27b999c89602a101c4f8c3306eddd8893b7770b5d10efa0ff650d9a6ff0c71fc,89be2b04f644f8918bcb3a30dc19491c122d7fc67f3b3130bd55bb45cf36e418,200,2020-12-22T01:01:15.496599,,
,application/csv; header=present,0.61,66730baaf4d462c19a5051c278129b902482f7de96b930c62d23d482e85b03e5,2b5146a0ca0b8f464b4f3a3978c656bdfefc4f722e104418faed7aa17af756b8,200,2020-12-22T01:01:15.496599,,
,application/csv; header=present,0.466,66de2d91b12fd1cb18c3babf02ceadb69622ac22a87e73f75b5643fcf6b60e76,6d62009568d56011a4c2dc84a7f1190cbfff8a5dbaf3b24cb600b90685ad952c,200,2020-12-22T01:01:15.496599,,
1706,application/csv; header=present,0.48,a40ed40ded2b89c46b0ccb6e8a5af7cc2154326e9b4014969a31460724d0fbff,441355ecf5aee71113d9833981206349235a339b4ec88b924a0aa5e2590a1ebe,200,2020-12-22T01:01:15.496599,,
,application/csv; header=present,0.551,27b999c89602a101c4f8c3306eddd8893b7770b5d10efa0ff650d9a6ff0c71fc,89be2b04f644f8918bcb3a30dc19491c122d7fc67f3b3130bd55bb45cf36e418,200,2020-12-23T01:03:21.901361,,
,application/csv; header=present,0.563,66730baaf4d462c19a5051c278129b902482f7de96b930c62d23d482e85b03e5,2b5146a0ca0b8f464b4f3a3978c656bdfefc4f722e104418faed7aa17af756b8,200,2020-12-23T01:03:21.901361,,
,application/csv; header=present,0.537,66de2d91b12fd1cb18c3babf02ceadb69622ac22a87e73f75b5643fcf6b60e76,6d62009568d56011a4c2dc84a7f1190cbfff8a5dbaf3b24cb600b90685ad952c,200,2020-12-23T01:03:21.901361,,
1706,application/csv; header=present,0.466,a40ed40ded2b89c46b0ccb6e8a5af7cc2154326e9b4014969a31460724d0fbff,441355ecf5aee71113d9833981206349235a339b4ec88b924a0aa5e2590a1ebe,200,2020-12-23T01:03:21.901361,,
,application/csv; header=present,0.565,27b999c89602a101c4f8c3306eddd8893b7770b5d10efa0ff650d9a6ff0c71fc,89be2b04f644f8918bcb3a30dc19491c122d7fc67f3b3130bd55bb45cf36e418,200,2020-12-24T01:06:58.552673,,
,application/csv; header=present,0.553,66730baaf4d462c19a5051c278129b902482f7de96b930c62d23d482e85b03e5,2b5146a0ca0b8f464b4f3a3978c656bdfefc4f722e104418faed7aa17af756b8,200,2020-12-24T01:06:58.552673,,
,application/csv; header=present,0.284,66de2d91b12fd1cb18c3babf02ceadb69622ac22a87e73f75b5643fcf6b60e76,6d62009568d56011a4c2dc84a7f1190cbfff8a5dbaf3b24cb600b90685ad952c,200,2020-12-24T01:06:58.552673,,
1706,application/csv; header=present,0.349,a40ed40ded2b89c46b0ccb6e8a5af7cc2154326e9b4014969a31460724d0fbff,441355ecf5aee71113d9833981206349235a339b4ec88b924a0aa5e2590a1ebe,200,2020-12-24T01:06:58.552673,,
,application/csv; header=present,0.495,27b999c89602a101c4f8c3306eddd8893b7770b5d10efa0ff650d9a6ff0c71fc,89be2b04f644f8918bcb3a30dc19491c122d7fc67f3b3130bd55bb45cf36e418,200,2020-12-25T01:04:42.408344,,
,application/csv; header=present,0.562,66730baaf4d462c19a5051c278129b902482f7de96b930c62d23d482e85b03e5,2b5146a0ca0b8f464b4f3a3978c656bdfefc4f722e104418faed7aa17af756b8,200,2020-12-25T01:04:42.408344,,
,application/csv; header=present,0.233,66de2d91b12fd1cb18c3babf02ceadb69622ac22a87e73f75b5643fcf6b60e76,6d62009568d56011a4c2dc84a7f1190cbfff8a5dbaf3b24cb600b90685ad952c,200,2020-12-25T01:04:42.408344,,
1706,application/csv; header=present,0.439,a40ed40ded2b89c46b0ccb6e8a5af7cc2154326e9b4014969a31460724d0fbff,441355ecf5aee71113d9833981206349235a339b4ec88b924a0aa5e2590a1ebe,200,2020-12-25T01:04:42.408344,,
,application/csv; header=present,0.523,27b999c89602a101c4f8c3306eddd8893b7770b5d10efa0ff650d9a6ff0c71fc,89be2b04f644f8918bcb3a30dc19491c122d7fc67f3b3130bd55bb45cf36e418,200,2020-12-26T01:03:02.484922,,
,application/csv; header=present,0.59,66730baaf4d462c19a5051c278129b902482f7de96b930c62d23d482e85b03e5,2b5146a0ca0b8f464b4f3a3978c656bdfefc4f722e104418faed7aa17af756b8,200,2020-12-26T01:03:02.484922,,
,application/csv; header=present,0.524,66de2d91b12fd1cb18c3babf02ceadb69622ac22a87e73f75b5643fcf6b60e76,6d62009568d56011a4c2dc84a7f1190cbfff8a5dbaf3b24cb600b90685ad952c,200,2020-12-26T01:03:02.484922,,
1706,application/csv; header=present,0.46,a40ed40ded2b89c46b0ccb6e8a5af7cc2154326e9b4014969a31460724d0fbff,441355ecf5aee71113d9833981206349235a339b4ec88b924a0aa5e2590a1ebe,200,2020-12-26T01:03:02.484922,,
,application/csv; header=present,0.591,27b999c89602a101c4f8c3306eddd8893b7770b5d10efa0ff650d9a6ff0c71fc,89be2b04f644f8918bcb3a30dc19491c122d7fc67f3b3130bd55bb45cf36e418,200,2020-12-27T01:07:04.850173,,
,application/csv; header=present,0.613,66730baaf4d462c19a5051c278129b902482f7de96b930c62d23d482e85b03e5,2b5146a0ca0b8f464b4f3a3978c656bdfefc4f722e104418faed7aa17af756b8,200,2020-12-27T01:07:04.850173,,
,application/csv; header=present,0.462,66de2d91b12fd1cb18c3babf02ceadb69622ac22a87e73f75b5643fcf6b60e76,6d62009568d56011a4c2dc84a7f1190cbfff8a5dbaf3b24cb600b90685ad952c,200,2020-12-27T01:07:04.850173,,
1706,application/csv; header=present,0.473,a40ed40ded2b89c46b0ccb6e8a5af7cc2154326e9b4014969a31460724d0fbff,441355ecf5aee71113d9833981206349235a339b4ec88b924a0aa5e2590a1ebe,200,2020-12-27T01:07:04.850173,,
,application/csv; header=present,0.493,27b999c89602a101c4f8c3306eddd8893b7770b5d10efa0ff650d9a6ff0c71fc,89be2b04f644f8918bcb3a30dc19491c122d7fc67f3b3130bd55bb45cf36e418,200,2020-12-28T01:06:36.086491,,
,application/csv; header=present,0.698,66730baaf4d462c19a5051c278129b902482f7de96b930c62d23d482e85b03e5,2b5146a0ca0b8f464b4f3a3978c656bdfefc4f722e104418faed7aa17af756b8,200,2020-12-28T01:06:36.086491,,
,application/csv; header=present,0.456,66de2d91b12fd1cb18c3babf02ceadb69622ac22a87e73f75b5643fcf6b60e76,6d62009568d56011a4c2dc84a7f1190cbfff8a5dbaf3b24cb600b90685ad952c,200,2020-12-28T01:06:36.086491,,
1706,application/csv; header=present,0.484,a40ed40ded2b89c46b0ccb6e8a5af7cc2154326e9b4014969a31460724d0fbff,441355ecf5aee71113d9833981206349235a339b4ec88b924a0aa5e2590a1ebe,200,2020-12-28T01:06:36.086491,,
,application/csv; header=present,0.583,27b999c89602a101c4f8c3306eddd8893b7770b5d10efa0ff650d9a6ff0c71fc,89be2b04f644f8918bcb3a30dc19491c122d7fc67f3b3130bd55bb45cf36e418,200,2020-12-29T01:07:05.570677,,
,application/csv; header=present,0.596,66730baaf4d462c19a5051c278129b902482f7de96b930c62d23d482e85b03e5,2b5146a0ca0b8f464b4f3a3978c656bdfefc4f722e104418faed7aa17af756b8,200,2020-12-29T01:07:05.570677,,
,application/csv; header=present,0.557,66de2d91b12fd1cb18c3babf02ceadb69622ac22a87e73f75b5643fcf6b60e76,6d62009568d56011a4c2dc84a7f1190cbfff8a5dbaf3b24cb600b90685ad952c,200,2020-12-29T01:07:05.570677,,
1706,application/csv; header=present,0.467,a40ed40ded2b89c46b0ccb6e8a5af7cc2154326e9b4014969a31460724d0fbff,441355ecf5aee71113d9833981206349235a339b4ec88b924a0aa5e2590a1ebe,200,2020-12-29T01:07:05.570677,,
,application/csv; header=present,0.574,27b999c89602a101c4f8c3306eddd8893b7770b5d10efa0ff650d9a6ff0c71fc,89be2b04f644f8918bcb3a30dc19491c122d7fc67f3b3130bd55bb45cf36e418,200,2020-12-30T01:08:28.477597,,
,application/csv; header=present,0.638,66730baaf4d462c19a5051c278129b902482f7de96b930c62d23d482e85b03e5,2b5146a0ca0b8f464b4f3a3978c656bdfefc4f722e104418faed7aa17af756b8,200,2020-12-30T01:08:28.477597,,
,application/csv; header=present,0.393,66de2d91b12fd1cb18c3babf02ceadb69622ac22a87e73f75b5643fcf6b60e76,6d62009568d56011a4c2dc84a7f1190cbfff8a5dbaf3b24cb600b90685ad952c,200,2020-12-30T01:08:28.477597,,
1706,application/csv; header=present,0.495,a40ed40ded2b89c46b0ccb6e8a5af7cc2154326e9b4014969a31460724d0fbff,441355ecf5aee71113d9833981206349235a339b4ec88b924a0aa5e2590a1ebe,200,2020-12-30T01:08:28.477597,,
,application/csv; header=present,0.524,27b999c89602a101c4f8c3306eddd8893b7770b5d10efa0ff650d9a6ff0c71fc,89be2b04f644f8918bcb3a30dc19491c122d7fc67f3b3130bd55bb45cf36e418,200,2020-12-31T01:10:57.506267,,
,application/csv; header=present,0.621,66730baaf4d462c19a5051c278129b902482f7de96b930c62d23d482e85b03e5,2b5146a0ca0b8f464b4f3a3978c656bdfefc4f722e104418faed7aa17af756b8,200,2020-12-31T01:10:57.506267,,
,application/csv; header=present,0.469,66de2d91b12fd1cb18c3babf02ceadb69622ac22a87e73f75b5643fcf6b60e76,6d62009568d56011a4c2dc84a7f1190cbfff8a5dbaf3b24cb600b90685ad952c,200,2020-12-31T01:10:57.506267,,
1706,application/csv; header=present,0.487,a40ed40ded2b89c46b0ccb6e8a5af7cc2154326e9b4014969a31460724d0fbff,441355ecf5aee71113d9833981206349235a339b4ec88b924a0aa5e2590a1ebe,200,2020-12-31T01:10:57.506267,,
,application/csv; header=present,0.504,27b999c89602a101c4f8c3306eddd8893b7770b5d10efa0ff650d9a6ff0c71fc,89be2b04f644f8918bcb3a30dc19491c122d7fc67f3b3130bd55bb45cf36e418,200,2021-01-01T01:12:51.071936,,
,application/csv; header=present,0.617,66730baaf4d462c19a5051c278129b902482f7de96b930c62d23d482e85b03e5,2b5146a0ca0b8f464b4f3a3978c656bdfefc4f722e104418faed7aa17af756b8,200,2021-01-01T01:12:51.071936,,
,application/csv; header=present,0.568,66de2d91b12fd1cb18c3babf02ceadb69622ac22a87e73f75b5643fcf6b60e76,6d62009568d56011a4c2dc84a7f1190cbfff8a5dbaf3b24cb600b90685ad952c,200,2021-01-01T01:12:51.071936,,
1706,application/csv; header=present,0.44,a40ed40ded2b89c46b0ccb6e8a5af7cc2154326e9b4014969a31460724d0fbff,441355ecf5aee71113d9833981206349235a339b4ec88b924a0aa5e2590a1ebe,200,2021-01-01T01:12:51.071936,,
,application/csv; header=present,0.459,27b999c89602a101c4f8c3306eddd8893b7770b5d10efa0ff650d9a6ff0c71fc,89be2b04f644f8918bcb3a30dc19491c122d7fc67f3b3130bd55bb45cf36e418,200,2021-01-02T01:09:23.150440,,
,application/csv; header=present,0.526,66730baaf4d462c19a5051c278129b902482f7de96b930c62d23d482e85b03e5,2b5146a0ca0b8f464b4f3a3978c656bdfefc4f722e104418faed7aa17af756b8,200,2021-01-02T01:09:23.150440,,
,application/csv; header=present,0.323,66de2d91b12fd1cb18c3babf02ceadb69622ac22a87e73f75b5643fcf6b60e76,6d62009568d56011a4c2dc84a7f1190cbfff8a5dbaf3b24cb600b90685ad952c,200,2021-01-02T01:09:23.150440,,
1706,application/csv; header=present,0.414,a40ed40ded2b89c46b0ccb6e8a5af7cc2154326e9b4014969a31460724d0fbff,441355ecf5aee71113d9833981206349235a339b4ec88b924a0aa5e2590a1ebe,200,2021-01-02T01:09:23.150440,,
,application/csv; header=present,0.488,27b999c89602a101c4f8c3306eddd8893b7770b5d10efa0ff650d9a6ff0c71fc,89be2b04f644f8918bcb3a30dc19491c122d7fc67f3b3130bd55bb45cf36e418,200,2021-01-03T01:13:35.864261,,
,application/csv; header=present,0.694,66730baaf4d462c19a5051c278129b902482f7de96b930c62d23d482e85b03e5,2b5146a0ca0b8f464b4f3a3978c656bdfefc4f722e104418faed7aa17af756b8,200,2021-01-03T01:13:35.864261,,
,application/csv; header=present,0.489,66de2d91b12fd1cb18c3babf02ceadb69622ac22a87e73f75b5643fcf6b60e76,6d62009568d56011a4c2dc84a7f1190cbfff8a5dbaf3b24cb600b90685ad952c,200,2021-01-03T01:13:35.864261,,
1706,application/csv; header=present,0.422,a40ed40ded2b89c46b0ccb6e8a5af7cc2154326e9b4014969a31460724d0fbff,441355ecf5aee71113d9833981206349235a339b4ec88b924a0aa5e2590a1ebe,200,2021-01-03T01:13:35.864261,,
,application/csv; header=present,0.511,27b999c89602a101c4f8c3306eddd8893b7770b5d10efa0ff650d9a6ff0c71fc,89be2b04f644f8918bcb3a30dc19491c122d7fc67f3b3130bd55bb45cf36e418,200,2021-01-04T01:13:44.387746,,
,application/csv; header=present,0.635,66730baaf4d462c19a5051c278129b902482f7de96b930c62d23d482e85b03e5,2b5146a0ca0b8f464b4f3a3978c656bdfefc4f722e104418faed7aa17af756b8,200,2021-01-04T01:13:44.387746,,
,application/csv; header=present,0.504,66de2d91b12fd1cb18c3babf02ceadb69622ac22a87e73f75b5643fcf6b60e76,6d62009568d56011a4c2dc84a7f1190cbfff8a5dbaf3b24cb600b90685ad952c,200,2021-01-04T01:13:44.387746,,
1706,application/csv; header=present,0.378,a40ed40ded2b89c46b0ccb6e8a5af7cc2154326e9b4014969a31460724d0fbff,441355ecf5aee71113d9833981206349235a339b4ec88b924a0aa5e2590a1ebe,200,2021-01-04T01:13:44.387746,,
,application/csv; header=present,0.539,27b999c89602a101c4f8c3306eddd8893b7770b5d10efa0ff650d9a6ff0c71fc,89be2b04f644f8918bcb3a30dc19491c122d7fc67f3b3130bd55bb45cf36e418,200,2021-01-05T01:12:49.843681,,
,application/csv; header=present,0.642,66730baaf4d462c19a5051c278129b902482f7de96b930c62d23d482e85b03e5,2b5146a0ca0b8f464b4f3a3978c656bdfefc4f722e104418faed7aa17af756b8,200,2021-01-05T01:12:49.843681,,
,application/csv; header=present,0.562,66de2d91b12fd1cb18c3babf02ceadb69622ac22a87e73f75b5643fcf6b60e76,6d62009568d56011a4c2dc84a7f1190cbfff8a5dbaf3b24cb600b90685ad952c,200,2021-01-05T01:12:49.843681,,
1706,application/csv; header=present,0.42,a40ed40ded2b89c46b0ccb6e8a5af7cc2154326e9b4014969a31460724d0fbff,441355ecf5aee71113d9833981206349235a339b4ec88b924a0aa5e2590a1ebe,200,2021-01-05T01:12:49.843681,,
,application/csv; header=present,0.463,27b999c89602a101c4f8c3306eddd8893b7770b5d10efa0ff650d9a6ff0c71fc,89be2b04f644f8918bcb3a30dc19491c122d7fc67f3b3130bd55bb45cf36e418,200,2021-01-06T01:13:05.064870,,
,application/csv; header=present,0.6,66730baaf4d462c19a5051c278129b902482f7de96b930c62d23d482e85b03e5,2b5146a0ca0b8f464b4f3a3978c656bdfefc4f722e104418faed7aa17af756b8,200,2021-01-06T01:13:05.064870,,
,application/csv; header=present,0.417,66de2d91b12fd1cb18c3babf02ceadb69622ac22a87e73f75b5643fcf6b60e76,6d62009568d56011a4c2dc84a7f1190cbfff8a5dbaf3b24cb600b90685ad952c,200,2021-01-06T01:13:05.064870,,
1706,application/csv; header=present,0.449,a40ed40ded2b89c46b0ccb6e8a5af7cc2154326e9b4014969a31460724d0fbff,441355ecf5aee71113d9833981206349235a339b4ec88b924a0aa5e2590a1ebe,200,2021-01-06T01:13:05.064870,,
,application/csv; header=present,0.443,27b999c89602a101c4f8c3306eddd8893b7770b5d10efa0ff650d9a6ff0c71fc,89be2b04f644f8918bcb3a30dc19491c122d7fc67f3b3130bd55bb45cf36e418,200,2021-01-07T01:17:31.024217,,
,application/csv; header=present,0.914,66730baaf4d462c19a5051c278129b902482f7de96b930c62d23d482e85b03e5,2b5146a0ca0b8f464b4f3a3978c656bdfefc4f722e104418faed7aa17af756b8,200,2021-01-07T01:17:31.024217,,
,application/csv; header=present,0.462,66de2d91b12fd1cb18c3babf02ceadb69622ac22a87e73f75b5643fcf6b60e76,6d62009568d56011a4c2dc84a7f1190cbfff8a5dbaf3b24cb600b90685ad952c,200,2021-01-07T01:17:31.024217,,
1706,application/csv; header=present,0.41,a40ed40ded2b89c46b0ccb6e8a5af7cc2154326e9b4014969a31460724d0fbff,441355ecf5aee71113d9833981206349235a339b4ec88b924a0aa5e2590a1ebe,200,2021-01-07T01:17:31.024217,,
,application/csv; header=present,0.413,27b999c89602a101c4f8c3306eddd8893b7770b5d10efa0ff650d9a6ff0c71fc,89be2b04f644f8918bcb3a30dc19491c122d7fc67f3b3130bd55bb45cf36e418,200,2021-01-08T01:17:02.389426,,
,application/csv; header=present,0.554,66730baaf4d462c19a5051c278129b902482f7de96b930c62d23d482e85b03e5,2b5146a0ca0b8f464b4f3a3978c656bdfefc4f722e104418faed7aa17af756b8,200,2021-01-08T01:17:02.389426,,
,application/csv; header=present,0.263,66de2d91b12fd1cb18c3babf02ceadb69622ac22a87e73f75b5643fcf6b60e76,6d62009568d56011a4c2dc84a7f1190cbfff8a5dbaf3b24cb600b90685ad952c,200,2021-01-08T01:17:02.389426,,
1706,application/csv; header=present,0.4,a40ed40ded2b89c46b0ccb6e8a5af7cc2154326e9b4014969a31460724d0fbff,441355ecf5aee71113d9833981206349235a339b4ec88b924a0aa5e2590a1ebe,200,2021-01-08T01:17:02.389426,,
,application/csv; header=present,0.485,27b999c89602a101c4f8c3306eddd8893b7770b5d10efa0ff650d9a6ff0c71fc,89be2b04f644f8918bcb3a30dc19491c122d7fc67f3b3130bd55bb45cf36e418,200,2021-01-09T01:17:34.123714,,
,application/csv; header=present,0.574,66730baaf4d462c19a5051c278129b902482f7de96b930c62d23d482e85b03e5,2b5146a0ca0b8f464b4f3a3978c656bdfefc4f722e104418faed7aa17af756b8,200,2021-01-09T01:17:34.123714,,
,application/csv; header=present,0.485,66de2d91b12fd1cb18c3babf02ceadb69622ac22a87e73f75b5643fcf6b60e76,6d62009568d56011a4c2dc84a7f1190cbfff8a5dbaf3b24cb600b90685ad952c,200,2021-01-09T01:17:34.123714,,
1706,application/csv; header=present,0.351,a40ed40ded2b89c46b0ccb6e8a5af7cc2154326e9b4014969a31460724d0fbff,441355ecf5aee71113d9833981206349235a339b4ec88b924a0aa5e2590a1ebe,200,2021-01-09T01:17:34.123714,,
,application/csv; header=present,0.42,27b999c89602a101c4f8c3306eddd8893b7770b5d10efa0ff650d9a6ff0c71fc,89be2b04f644f8918bcb3a30dc19491c122d7fc67f3b3130bd55bb45cf36e418,200,2021-01-10T01:21:44.230487,,
,application/csv; header=present,0.58,66730baaf4d462c19a5051c278129b902482f7de96b930c62d23d482e85b03e5,2b5146a0ca0b8f464b4f3a3978c656bdfefc4f722e104418faed7aa17af756b8,200,2021-01-10T01:21:44.230487,,
,application/csv; header=present,0.421,66de2d91b12fd1cb18c3babf02ceadb69622ac22a87e73f75b5643fcf6b60e76,6d62009568d56011a4c2dc84a7f1190cbfff8a5dbaf3b24cb600b90685ad952c,200,2021-01-10T01:21:44.230487,,
1706,application/csv; header=present,0.389,a40ed40ded2b89c46b0ccb6e8a5af7cc2154326e9b4014969a31460724d0fbff,441355ecf5aee71113d9833981206349235a339b4ec88b924a0aa5e2590a1ebe,200,2021-01-10T01:21:44.230487,,
,application/csv; header=present,0.454,27b999c89602a101c4f8c3306eddd8893b7770b5d10efa0ff650d9a6ff0c71fc,89be2b04f644f8918bcb3a30dc19491c122d7fc67f3b3130bd55bb45cf36e418,200,2021-01-11T01:20:01.481952,,
,application/csv; header=present,0.587,66730baaf4d462c19a5051c278129b902482f7de96b930c62d23d482e85b03e5,2b5146a0ca0b8f464b4f3a3978c656bdfefc4f722e104418faed7aa17af756b8,200,2021-01-11T01:20:01.481952,,
,application/csv; header=present,0.413,66de2d91b12fd1cb18c3babf02ceadb69622ac22a87e73f75b5643fcf6b60e76,6d62009568d56011a4c2dc84a7f1190cbfff8a5dbaf3b24cb600b90685ad952c,200,2021-01-11T01:20:01.481952,,
1706,application/csv; header=present,0.468,a40ed40ded2b89c46b0ccb6e8a5af7cc2154326e9b4014969a31460724d0fbff,441355ecf5aee71113d9833981206349235a339b4ec88b924a0aa5e2590a1ebe,200,2021-01-11T01:20:01.481952,,
,application/csv; header=present,0.449,27b999c89602a101c4f8c3306eddd8893b7770b5d10efa0ff650d9a6ff0c71fc,89be2b04f644f8918bcb3a30dc19491c122d7fc67f3b3130bd55bb45cf36e418,200,2021-01-12T01:21:49.291136,,
,application/csv; header=present,0.672,66730baaf4d462c19a5051c278129b902482f7de96b930c62d23d482e85b03e5,2b5146a0ca0b8f464b4f3a3978c656bdfefc4f722e104418faed7aa17af756b8,200,2021-01-12T01:21:49.291136,,
,application/csv; header=present,0.402,66de2d91b12fd1cb18c3babf02ceadb69622ac22a87e73f75b5643fcf6b60e76,6d62009568d56011a4c2dc84a7f1190cbfff8a5dbaf3b24cb600b90685ad952c,200,2021-01-12T01:21:49.291136,,
1706,application/csv; header=present,0.312,a40ed40ded2b89c46b0ccb6e8a5af7cc2154326e9b4014969a31460724d0fbff,441355ecf5aee71113d9833981206349235a339b4ec88b924a0aa5e2590a1ebe,200,2021-01-12T01:21:49.291136,,
,application/csv; header=present,0.513,27b999c89602a101c4f8c3306eddd8893b7770b5d10efa0ff650d9a6ff0c71fc,89be2b04f644f8918bcb3a30dc19491c122d7fc67f3b3130bd55bb45cf36e418,200,2021-01-13T01:28:30.981926,,
,application/csv; header=present,0.586,66730baaf4d462c19a5051c278129b902482f7de96b930c62d23d482e85b03e5,2b5146a0ca0b8f464b4f3a3978c656bdfefc4f722e104418faed7aa17af756b8,200,2021-01-13T01:28:30.981926,,
,application/csv; header=present,0.264,66de2d91b12fd1cb18c3babf02ceadb69622ac22a87e73f75b5643fcf6b60e76,6d62009568d56011a4c2dc84a7f1190cbfff8a5dbaf3b24cb600b90685ad952c,200,2021-01-13T01:28:30.981926,,
1706,application/csv; header=present,0.451,a40ed40ded2b89c46b0ccb6e8a5af7cc2154326e9b4014969a31460724d0fbff,441355ecf5aee71113d9833981206349235a339b4ec88b924a0aa5e2590a1ebe,200,2021-01-13T01:28:30.981926,,
,application/csv; header=present,0.522,27b999c89602a101c4f8c3306eddd8893b7770b5d10efa0ff650d9a6ff0c71fc,89be2b04f644f8918bcb3a30dc19491c122d7fc67f3b3130bd55bb45cf36e418,200,2021-01-14T01:37:18.235795,,
,application/csv; header=present,0.802,66730baaf4d462c19a5051c278129b902482f7de96b930c62d23d482e85b03e5,2b5146a0ca0b8f464b4f3a3978c656bdfefc4f722e104418faed7aa17af756b8,200,2021-01-14T01:37:18.235795,,
,application/csv; header=present,0.401,66de2d91b12fd1cb18c3babf02ceadb69622ac22a87e73f75b5643fcf6b60e76,6d62009568d56011a4c2dc84a7f1190cbfff8a5dbaf3b24cb600b90685ad952c,200,2021-01-14T01:37:18.235795,,
1706,application/csv; header=present,0.447,a40ed40ded2b89c46b0ccb6e8a5af7cc2154326e9b4014969a31460724d0fbff,441355ecf5aee71113d9833981206349235a339b4ec88b924a0aa5e2590a1ebe,200,2021-01-14T01:37:18.235795,,
,application/csv; header=present,0.462,27b999c89602a101c4f8c3306eddd8893b7770b5d10efa0ff650d9a6ff0c71fc,89be2b04f644f8918bcb3a30dc19491c122d7fc67f3b3130bd55bb45cf36e418,200,2021-01-15T01:34:23.474259,,
,application/csv; header=present,0.613,66730baaf4d462c19a5051c278129b902482f7de96b930c62d23d482e85b03e5,2b5146a0ca0b8f464b4f3a3978c656bdfefc4f722e104418faed7aa17af756b8,200,2021-01-15T01:34:23.474259,,
,application/csv; header=present,0.399,66de2d91b12fd1cb18c3babf02ceadb69622ac22a87e73f75b5643fcf6b60e76,6d62009568d56011a4c2dc84a7f1190cbfff8a5dbaf3b24cb600b90685ad952c,200,2021-01-15T01:34:23.474259,,
1706,application/csv; header=present,0.395,a40ed40ded2b89c46b0ccb6e8a5af7cc2154326e9b4014969a31460724d0fbff,441355ecf5aee71113d9833981206349235a339b4ec88b924a0aa5e2590a1ebe,200,2021-01-15T01:34:23.474259,,
,application/csv; header=present,0.544,27b999c89602a101c4f8c3306eddd8893b7770b5d10efa0ff650d9a6ff0c71fc,89be2b04f644f8918bcb3a30dc19491c122d7fc67f3b3130bd55bb45cf36e418,200,2021-01-16T01:35:36.188895,,
,application/csv; header=present,0.642,66730baaf4d462c19a5051c278129b902482f7de96b930c62d23d482e85b03e5,2b5146a0ca0b8f464b4f3a3978c656bdfefc4f722e104418faed7aa17af756b8,200,2021-01-16T01:35:36.188895,,
,application/csv; header=present,0.257,66de2d91b12fd1cb18c3babf02ceadb69622ac22a87e73f75b5643fcf6b60e76,6d62009568d56011a4c2dc84a7f1190cbfff8a5dbaf3b24cb600b90685ad952c,200,2021-01-16T01:35:36.188895,,
1706,application/csv; header=present,0.501,a40ed40ded2b89c46b0ccb6e8a5af7cc2154326e9b4014969a31460724d0fbff,441355ecf5aee71113d9833981206349235a339b4ec88b924a0aa5e2590a1ebe,200,2021-01-16T01:35:36.188895,,
,application/csv; header=present,0.511,27b999c89602a101c4f8c3306eddd8893b7770b5d10efa0ff650d9a6ff0c71fc,89be2b04f644f8918bcb3a30dc19491c122d7fc67f3b3130bd55bb45cf36e418,200,2021-01-17T01:36:08.746254,,
,application/csv; header=present,0.549,66730baaf4d462c19a5051c278129b902482f7de96b930c62d23d482e85b03e5,2b5146a0ca0b8f464b4f3a3978c656bdfefc4f722e104418faed7aa17af756b8,200,2021-01-17T01:36:08.746254,,
,application/csv; header=present,0.357,66de2d91b12fd1cb18c3babf02ceadb69622ac22a87e73f75b5643fcf6b60e76,6d62009568d56011a4c2dc84a7f1190cbfff8a5dbaf3b24cb600b90685ad952c,200,2021-01-17T01:36:08.746254,,
1706,application/csv; header=present,0.442,a40ed40ded2b89c46b0ccb6e8a5af7cc2154326e9b4014969a31460724d0fbff,441355ecf5aee71113d9833981206349235a339b4ec88b924a0aa5e2590a1ebe,200,2021-01-17T01:36:08.746254,,
,application/csv; header=present,0.539,27b999c89602a101c4f8c3306eddd8893b7770b5d10efa0ff650d9a6ff0c71fc,89be2b04f644f8918bcb3a30dc19491c122d7fc67f3b3130bd55bb45cf36e418,200,2021-01-18T01:33:44.461873,,
,application/csv; header=present,0.647,66730baaf4d462c19a5051c278129b902482f7de96b930c62d23d482e85b03e5,2b5146a0ca0b8f464b4f3a3978c656bdfefc4f722e104418faed7aa17af756b8,200,2021-01-18T01:33:44.461873,,
,application/csv; header=present,0.567,66de2d91b12fd1cb18c3babf02ceadb69622ac22a87e73f75b5643fcf6b60e76,6d62009568d56011a4c2dc84a7f1190cbfff8a5dbaf3b24cb600b90685ad952c,200,2021-01-18T01:33:44.461873,,
1706,application/csv; header=present,0.407,a40ed40ded2b89c46b0ccb6e8a5af7cc2154326e9b4014969a31460724d0fbff,441355ecf5aee71113d9833981206349235a339b4ec88b924a0aa5e2590a1ebe,200,2021-01-18T01:33:44.461873,,
,application/csv; header=present,0.453,27b999c89602a101c4f8c3306eddd8893b7770b5d10efa0ff650d9a6ff0c71fc,89be2b04f644f8918bcb3a30dc19491c122d7fc67f3b3130bd55bb45cf36e418,200,2021-01-19T01:36:32.342175,,
,application/csv; header=present,0.498,66730baaf4d462c19a5051c278129b902482f7de96b930c62d23d482e85b03e5,2b5146a0ca0b8f464b4f3a3978c656bdfefc4f722e104418faed7aa17af756b8,200,2021-01-19T01:36:32.342175,,
,application/csv; header=present,0.295,66de2d91b12fd1cb18c3babf02ceadb69622ac22a87e73f75b5643fcf6b60e76,6d62009568d56011a4c2dc84a7f1190cbfff8a5dbaf3b24cb600b90685ad952c,200,2021-01-19T01:36:32.342175,,
1706,application/csv; header=present,0.491,a40ed40ded2b89c46b0ccb6e8a5af7cc2154326e9b4014969a31460724d0fbff,441355ecf5aee71113d9833981206349235a339b4ec88b924a0aa5e2590a1ebe,200,2021-01-19T01:36:32.342175,,
,application/csv; header=present,0.468,27b999c89602a101c4f8c3306eddd8893b7770b5d10efa0ff650d9a6ff0c71fc,89be2b04f644f8918bcb3a30dc19491c122d7fc67f3b3130bd55bb45cf36e418,200,2021-01-20T01:37:49.410345,,
,application/csv; header=present,0.546,66730baaf4d462c19a5051c278129b902482f7de96b930c62d23d482e85b03e5,2b5146a0ca0b8f464b4f3a3978c656bdfefc4f722e104418faed7aa17af756b8,200,2021-01-20T01:37:49.410345,,
,application/csv; header=present,0.251,66de2d91b12fd1cb18c3babf02ceadb69622ac22a87e73f75b5643fcf6b60e76,6d62009568d56011a4c2dc84a7f1190cbfff8a5dbaf3b24cb600b90685ad952c,200,2021-01-20T01:37:49.410345,,
1706,application/csv; header=present,0.481,a40ed40ded2b89c46b0ccb6e8a5af7cc2154326e9b4014969a31460724d0fbff,441355ecf5aee71113d9833981206349235a339b4ec88b924a0aa5e2590a1ebe,200,2021-01-20T01:37:49.410345,,
,application/csv; header=present,0.503,27b999c89602a101c4f8c3306eddd8893b7770b5d10efa0ff650d9a6ff0c71fc,89be2b04f644f8918bcb3a30dc19491c122d7fc67f3b3130bd55bb45cf36e418,200,2021-01-21T01:37:36.132162,,
,application/csv; header=present,0.663,66730baaf4d462c19a5051c278129b902482f7de96b930c62d23d482e85b03e5,2b5146a0ca0b8f464b4f3a3978c656bdfefc4f722e104418faed7aa17af756b8,200,2021-01-21T01:37:36.132162,,
,application/csv; header=present,0.51,66de2d91b12fd1cb18c3babf02ceadb69622ac22a87e73f75b5643fcf6b60e76,6d62009568d56011a4c2dc84a7f1190cbfff8a5dbaf3b24cb600b90685ad952c,200,2021-01-21T01:37:36.132162,,
1706,application/csv; header=present,0.471,a40ed40ded2b89c46b0ccb6e8a5af7cc2154326e9b4014969a31460724d0fbff,441355ecf5aee71113d9833981206349235a339b4ec88b924a0aa5e2590a1ebe,200,2021-01-21T01:37:36.132162,,
,application/csv; header=present,0.514,27b999c89602a101c4f8c3306eddd8893b7770b5d10efa0ff650d9a6ff0c71fc,89be2b04f644f8918bcb3a30dc19491c122d7fc67f3b3130bd55bb45cf36e418,200,2021-01-22T01:36:05.439746,,
,application/csv; header=present,0.656,66730baaf4d462c19a5051c278129b902482f7de96b930c62d23d482e85b03e5,2b5146a0ca0b8f464b4f3a3978c656bdfefc4f722e104418faed7aa17af756b8,200,2021-01-22T01:36:05.439746,,
,application/csv; header=present,0.468,66de2d91b12fd1cb18c3babf02ceadb69622ac22a87e73f75b5643fcf6b60e76,6d62009568d56011a4c2dc84a7f1190cbfff8a5dbaf3b24cb600b90685ad952c,200,2021-01-22T01:36:05.439746,,
1706,application/csv; header=present,0.514,a40ed40ded2b89c46b0ccb6e8a5af7cc2154326e9b4014969a31460724d0fbff,441355ecf5aee71113d9833981206349235a339b4ec88b924a0aa5e2590a1ebe,200,2021-01-22T01:36:05.439746,,
,application/csv; header=present,0.517,27b999c89602a101c4f8c3306eddd8893b7770b5d10efa0ff650d9a6ff0c71fc,89be2b04f644f8918bcb3a30dc19491c122d7fc67f3b3130bd55bb45cf36e418,200,2021-01-23T01:35:45.064606,,
,application/csv; header=present,0.6,66730baaf4d462c19a5051c278129b902482f7de96b930c62d23d482e85b03e5,2b5146a0ca0b8f464b4f3a3978c656bdfefc4f722e104418faed7aa17af756b8,200,2021-01-23T01:35:45.064606,,
,application/csv; header=present,0.286,66de2d91b12fd1cb18c3babf02ceadb69622ac22a87e73f75b5643fcf6b60e76,6d62009568d56011a4c2dc84a7f1190cbfff8a5dbaf3b24cb600b90685ad952c,200,2021-01-23T01:35:45.064606,,
1706,application/csv; header=present,0.447,a40ed40ded2b89c46b0ccb6e8a5af7cc2154326e9b4014969a31460724d0fbff,441355ecf5aee71113d9833981206349235a339b4ec88b924a0aa5e2590a1ebe,200,2021-01-23T01:35:45.064606,,
,application/csv; header=present,0.652,27b999c89602a101c4f8c3306eddd8893b7770b5d10efa0ff650d9a6ff0c71fc,89be2b04f644f8918bcb3a30dc19491c122d7fc67f3b3130bd55bb45cf36e418,200,2021-01-24T01:38:10.409908,,
,application/csv; header=present,0.599,66730baaf4d462c19a5051c278129b902482f7de96b930c62d23d482e85b03e5,2b5146a0ca0b8f464b4f3a3978c656bdfefc4f722e104418faed7aa17af756b8,200,2021-01-24T01:38:10.409908,,
,application/csv; header=present,0.269,66de2d91b12fd1cb18c3babf02ceadb69622ac22a87e73f75b5643fcf6b60e76,6d62009568d56011a4c2dc84a7f1190cbfff8a5dbaf3b24cb600b90685ad952c,200,2021-01-24T01:38:10.409908,,
1706,application/csv; header=present,0.449,a40ed40ded2b89c46b0ccb6e8a5af7cc2154326e9b4014969a31460724d0fbff,441355ecf5aee71113d9833981206349235a339b4ec88b924a0aa5e2590a1ebe,200,2021-01-24T01:38:10.409908,,
,application/csv; header=present,0.512,27b999c89602a101c4f8c3306eddd8893b7770b5d10efa0ff650d9a6ff0c71fc,89be2b04f644f8918bcb3a30dc19491c122d7fc67f3b3130bd55bb45cf36e418,200,2021-01-25T01:36:39.577976,,
,application/csv; header=present,0.734,66730baaf4d462c19a5051c278129b902482f7de96b930c62d23d482e85b03e5,2b5146a0ca0b8f464b4f3a3978c656bdfefc4f722e104418faed7aa17af756b8,200,2021-01-25T01:36:39.577976,,
,application/csv; header=present,0.467,66de2d91b12fd1cb18c3babf02ceadb69622ac22a87e73f75b5643fcf6b60e76,6d62009568d56011a4c2dc84a7f1190cbfff8a5dbaf3b24cb600b90685ad952c,200,2021-01-25T01:36:39.577976,,
1706,application/csv; header=present,0.43,a40ed40ded2b89c46b0ccb6e8a5af7cc2154326e9b4014969a31460724d0fbff,441355ecf5aee71113d9833981206349235a339b4ec88b924a0aa5e2590a1ebe,200,2021-01-25T01:36:39.577976,,
,application/csv; header=present,0.495,27b999c89602a101c4f8c3306eddd8893b7770b5d10efa0ff650d9a6ff0c71fc,89be2b04f644f8918bcb3a30dc19491c122d7fc67f3b3130bd55bb45cf36e418,200,2021-01-26T00:59:15.695763,,
,application/csv; header=present,0.598,66730baaf4d462c19a5051c278129b902482f7de96b930c62d23d482e85b03e5,2b5146a0ca0b8f464b4f3a3978c656bdfefc4f722e104418faed7aa17af756b8,200,2021-01-26T00:59:15.695763,,
,application/csv; header=present,0.391,66de2d91b12fd1cb18c3babf02ceadb69622ac22a87e73f75b5643fcf6b60e76,6d62009568d56011a4c2dc84a7f1190cbfff8a5dbaf3b24cb600b90685ad952c,200,2021-01-26T00:59:15.695763,,
1706,application/csv; header=present,0.393,a40ed40ded2b89c46b0ccb6e8a5af7cc2154326e9b4014969a31460724d0fbff,441355ecf5aee71113d9833981206349235a339b4ec88b924a0aa5e2590a1ebe,200,2021-01-26T00:59:15.695763,,
,application/csv; header=present,0.517,27b999c89602a101c4f8c3306eddd8893b7770b5d10efa0ff650d9a6ff0c71fc,89be2b04f644f8918bcb3a30dc19491c122d7fc67f3b3130bd55bb45cf36e418,200,2021-01-27T00:58:15.363835,,
,application/csv; header=present,0.527,66730baaf4d462c19a5051c278129b902482f7de96b930c62d23d482e85b03e5,2b5146a0ca0b8f464b4f3a3978c656bdfefc4f722e104418faed7aa17af756b8,200,2021-01-27T00:58:15.363835,,
,application/csv; header=present,0.441,66de2d91b12fd1cb18c3babf02ceadb69622ac22a87e73f75b5643fcf6b60e76,6d62009568d56011a4c2dc84a7f1190cbfff8a5dbaf3b24cb600b90685ad952c,200,2021-01-27T00:58:15.363835,,
1706,application/csv; header=present,0.39,a40ed40ded2b89c46b0ccb6e8a5af7cc2154326e9b4014969a31460724d0fbff,441355ecf5aee71113d9833981206349235a339b4ec88b924a0aa5e2590a1ebe,200,2021-01-27T00:58:15.363835,,
,application/csv; header=present,0.597,27b999c89602a101c4f8c3306eddd8893b7770b5d10efa0ff650d9a6ff0c71fc,89be2b04f644f8918bcb3a30dc19491c122d7fc67f3b3130bd55bb45cf36e418,200,2021-01-28T01:00:22.249626,,
,application/csv; header=present,0.473,66730baaf4d462c19a5051c278129b902482f7de96b930c62d23d482e85b03e5,2b5146a0ca0b8f464b4f3a3978c656bdfefc4f722e104418faed7aa17af756b8,200,2021-01-28T01:00:22.249626,,
,application/csv; header=present,0.491,66de2d91b12fd1cb18c3babf02ceadb69622ac22a87e73f75b5643fcf6b60e76,6d62009568d56011a4c2dc84a7f1190cbfff8a5dbaf3b24cb600b90685ad952c,200,2021-01-28T01:00:22.249626,,
1706,application/csv; header=present,0.421,a40ed40ded2b89c46b0ccb6e8a5af7cc2154326e9b4014969a31460724d0fbff,441355ecf5aee71113d9833981206349235a339b4ec88b924a0aa5e2590a1ebe,200,2021-01-28T01:00:22.249626,,
,application/csv; header=present,0.508,27b999c89602a101c4f8c3306eddd8893b7770b5d10efa0ff650d9a6ff0c71fc,89be2b04f644f8918bcb3a30dc19491c122d7fc67f3b3130bd55bb45cf36e418,200,2021-01-29T00:58:57.630303,,
,application/csv; header=present,0.566,66730baaf4d462c19a5051c278129b902482f7de96b930c62d23d482e85b03e5,2b5146a0ca0b8f464b4f3a3978c656bdfefc4f722e104418faed7aa17af756b8,200,2021-01-29T00:58:57.630303,,
,application/csv; header=present,0.278,66de2d91b12fd1cb18c3babf02ceadb69622ac22a87e73f75b5643fcf6b60e76,6d62009568d56011a4c2dc84a7f1190cbfff8a5dbaf3b24cb600b90685ad952c,200,2021-01-29T00:58:57.630303,,
1706,application/csv; header=present,0.395,a40ed40ded2b89c46b0ccb6e8a5af7cc2154326e9b4014969a31460724d0fbff,441355ecf5aee71113d9833981206349235a339b4ec88b924a0aa5e2590a1ebe,200,2021-01-29T00:58:57.630303,,
,application/csv; header=present,0.48,27b999c89602a101c4f8c3306eddd8893b7770b5d10efa0ff650d9a6ff0c71fc,89be2b04f644f8918bcb3a30dc19491c122d7fc67f3b3130bd55bb45cf36e418,200,2021-01-30T00:58:39.524974,,
,application/csv; header=present,0.657,66730baaf4d462c19a5051c278129b902482f7de96b930c62d23d482e85b03e5,2b5146a0ca0b8f464b4f3a3978c656bdfefc4f722e104418faed7aa17af756b8,200,2021-01-30T00:58:39.524974,,
,application/csv; header=present,0.456,66de2d91b12fd1cb18c3babf02ceadb69622ac22a87e73f75b5643fcf6b60e76,6d62009568d56011a4c2dc84a7f1190cbfff8a5dbaf3b24cb600b90685ad952c,200,2021-01-30T00:58:39.524974,,
1706,application/csv; header=present,0.421,a40ed40ded2b89c46b0ccb6e8a5af7cc2154326e9b4014969a31460724d0fbff,441355ecf5aee71113d9833981206349235a339b4ec88b924a0aa5e2590a1ebe,200,2021-01-30T00:58:39.524974,,
,application/csv; header=present,0.742,27b999c89602a101c4f8c3306eddd8893b7770b5d10efa0ff650d9a6ff0c71fc,89be2b04f644f8918bcb3a30dc19491c122d7fc67f3b3130bd55bb45cf36e418,200,2021-01-31T01:02:08.208292,,
,application/csv; header=present,0.968,66730baaf4d462c19a5051c278129b902482f7de96b930c62d23d482e85b03e5,2b5146a0ca0b8f464b4f3a3978c656bdfefc4f722e104418faed7aa17af756b8,200,2021-01-31T01:02:08.208292,,
,application/csv; header=present,0.321,66de2d91b12fd1cb18c3babf02ceadb69622ac22a87e73f75b5643fcf6b60e76,6d62009568d56011a4c2dc84a7f1190cbfff8a5dbaf3b24cb600b90685ad952c,200,2021-01-31T01:02:08.208292,,
1706,application/csv; header=present,0.718,a40ed40ded2b89c46b0ccb6e8a5af7cc2154326e9b4014969a31460724d0fbff,441355ecf5aee71113d9833981206349235a339b4ec88b924a0aa5e2590a1ebe,200,2021-01-31T01:02:08.208292,,
,application/csv; header=present,0.512,27b999c89602a101c4f8c3306eddd8893b7770b5d10efa0ff650d9a6ff0c71fc,89be2b04f644f8918bcb3a30dc19491c122d7fc67f3b3130bd55bb45cf36e418,200,2021-02-01T01:02:17.816634,,
,application/csv; header=present,0.587,66730baaf4d462c19a5051c278129b902482f7de96b930c62d23d482e85b03e5,2b5146a0ca0b8f464b4f3a3978c656bdfefc4f722e104418faed7aa17af756b8,200,2021-02-01T01:02:17.816634,,
,application/csv; header=present,0.427,66de2d91b12fd1cb18c3babf02ceadb69622ac22a87e73f75b5643fcf6b60e76,6d62009568d56011a4c2dc84a7f1190cbfff8a5dbaf3b24cb600b90685ad952c,200,2021-02-01T01:02:17.816634,,
1706,application/csv; header=present,0.396,a40ed40ded2b89c46b0ccb6e8a5af7cc2154326e9b4014969a31460724d0fbff,441355ecf5aee71113d9833981206349235a339b4ec88b924a0aa5e2590a1ebe,200,2021-02-01T01:02:17.816634,,
,application/csv; header=present,0.486,27b999c89602a101c4f8c3306eddd8893b7770b5d10efa0ff650d9a6ff0c71fc,89be2b04f644f8918bcb3a30dc19491c122d7fc67f3b3130bd55bb45cf36e418,200,2021-02-02T00:56:51.565627,,
,application/csv; header=present,0.602,66730baaf4d462c19a5051c278129b902482f7de96b930c62d23d482e85b03e5,2b5146a0ca0b8f464b4f3a3978c656bdfefc4f722e104418faed7aa17af756b8,200,2021-02-02T00:56:51.565627,,
,application/csv; header=present,0.267,66de2d91b12fd1cb18c3babf02ceadb69622ac22a87e73f75b5643fcf6b60e76,6d62009568d56011a4c2dc84a7f1190cbfff8a5dbaf3b24cb600b90685ad952c,200,2021-02-02T00:56:51.565627,,
1706,application/csv; header=present,0.367,a40ed40ded2b89c46b0ccb6e8a5af7cc2154326e9b4014969a31460724d0fbff,441355ecf5aee71113d9833981206349235a339b4ec88b924a0aa5e2590a1ebe,200,2021-02-02T00:56:51.565627,,
,application/csv; header=present,0.522,27b999c89602a101c4f8c3306eddd8893b7770b5d10efa0ff650d9a6ff0c71fc,89be2b04f644f8918bcb3a30dc19491c122d7fc67f3b3130bd55bb45cf36e418,200,2021-02-03T00:52:03.990815,,
,application/csv; header=present,0.594,66730baaf4d462c19a5051c278129b902482f7de96b930c62d23d482e85b03e5,2b5146a0ca0b8f464b4f3a3978c656bdfefc4f722e104418faed7aa17af756b8,200,2021-02-03T00:52:03.990815,,
,application/csv; header=present,0.462,66de2d91b12fd1cb18c3babf02ceadb69622ac22a87e73f75b5643fcf6b60e76,6d62009568d56011a4c2dc84a7f1190cbfff8a5dbaf3b24cb600b90685ad952c,200,2021-02-03T00:52:03.990815,,
1706,application/csv; header=present,0.438,a40ed40ded2b89c46b0ccb6e8a5af7cc2154326e9b4014969a31460724d0fbff,441355ecf5aee71113d9833981206349235a339b4ec88b924a0aa5e2590a1ebe,200,2021-02-03T00:52:03.990815,,
,application/csv; header=present,0.466,27b999c89602a101c4f8c3306eddd8893b7770b5d10efa0ff650d9a6ff0c71fc,89be2b04f644f8918bcb3a30dc19491c122d7fc67f3b3130bd55bb45cf36e418,200,2021-02-04T00:48:21.162040,,
,application/csv; header=present,0.617,66730baaf4d462c19a5051c278129b902482f7de96b930c62d23d482e85b03e5,2b5146a0ca0b8f464b4f3a3978c656bdfefc4f722e104418faed7aa17af756b8,200,2021-02-04T00:48:21.162040,,
,application/csv; header=present,0.589,66de2d91b12fd1cb18c3babf02ceadb69622ac22a87e73f75b5643fcf6b60e76,6d62009568d56011a4c2dc84a7f1190cbfff8a5dbaf3b24cb600b90685ad952c,200,2021-02-04T00:48:21.162040,,
1706,application/csv; header=present,0.44,a40ed40ded2b89c46b0ccb6e8a5af7cc2154326e9b4014969a31460724d0fbff,441355ecf5aee71113d9833981206349235a339b4ec88b924a0aa5e2590a1ebe,200,2021-02-04T00:48:21.162040,,
,application/csv; header=present,0.464,27b999c89602a101c4f8c3306eddd8893b7770b5d10efa0ff650d9a6ff0c71fc,89be2b04f644f8918bcb3a30dc19491c122d7fc67f3b3130bd55bb45cf36e418,200,2021-02-05T00:48:54.836142,,
,application/csv; header=present,0.535,66730baaf4d462c19a5051c278129b902482f7de96b930c62d23d482e85b03e5,2b5146a0ca0b8f464b4f3a3978c656bdfefc4f722e104418faed7aa17af756b8,200,2021-02-05T00:48:54.836142,,
,application/csv; header=present,0.277,66de2d91b12fd1cb18c3babf02ceadb69622ac22a87e73f75b5643fcf6b60e76,6d62009568d56011a4c2dc84a7f1190cbfff8a5dbaf3b24cb600b90685ad952c,200,2021-02-05T00:48:54.836142,,
1706,application/csv; header=present,0.457,a40ed40ded2b89c46b0ccb6e8a5af7cc2154326e9b4014969a31460724d0fbff,441355ecf5aee71113d9833981206349235a339b4ec88b924a0aa5e2590a1ebe,200,2021-02-05T00:48:54.836142,,
,application/csv; header=present,0.516,27b999c89602a101c4f8c3306eddd8893b7770b5d10efa0ff650d9a6ff0c71fc,89be2b04f644f8918bcb3a30dc19491c122d7fc67f3b3130bd55bb45cf36e418,200,2021-02-06T00:48:11.099154,,
,application/csv; header=present,0.555,66730baaf4d462c19a5051c278129b902482f7de96b930c62d23d482e85b03e5,2b5146a0ca0b8f464b4f3a3978c656bdfefc4f722e104418faed7aa17af756b8,200,2021-02-06T00:48:11.099154,,
,application/csv; header=present,0.513,66de2d91b12fd1cb18c3babf02ceadb69622ac22a87e73f75b5643fcf6b60e76,6d62009568d56011a4c2dc84a7f1190cbfff8a5dbaf3b24cb600b90685ad952c,200,2021-02-06T00:48:11.099154,,
1706,application/csv; header=present,0.415,a40ed40ded2b89c46b0ccb6e8a5af7cc2154326e9b4014969a31460724d0fbff,441355ecf5aee71113d9833981206349235a339b4ec88b924a0aa5e2590a1ebe,200,2021-02-06T00:48:11.099154,,
,application/csv; header=present,0.444,27b999c89602a101c4f8c3306eddd8893b7770b5d10efa0ff650d9a6ff0c71fc,89be2b04f644f8918bcb3a30dc19491c122d7fc67f3b3130bd55bb45cf36e418,200,2021-02-07T00:50:39.969842,,
,application/csv; header=present,0.55,66730baaf4d462c19a5051c278129b902482f7de96b930c62d23d482e85b03e5,2b5146a0ca0b8f464b4f3a3978c656bdfefc4f722e104418faed7aa17af756b8,200,2021-02-07T00:50:39.969842,,
,application/csv; header=present,0.47,66de2d91b12fd1cb18c3babf02ceadb69622ac22a87e73f75b5643fcf6b60e76,6d62009568d56011a4c2dc84a7f1190cbfff8a5dbaf3b24cb600b90685ad952c,200,2021-02-07T00:50:39.969842,,
1706,application/csv; header=present,0.425,a40ed40ded2b89c46b0ccb6e8a5af7cc2154326e9b4014969a31460724d0fbff,441355ecf5aee71113d9833981206349235a339b4ec88b924a0aa5e2590a1ebe,200,2021-02-07T00:50:39.969842,,
,application/csv; header=present,0.506,27b999c89602a101c4f8c3306eddd8893b7770b5d10efa0ff650d9a6ff0c71fc,89be2b04f644f8918bcb3a30dc19491c122d7fc67f3b3130bd55bb45cf36e418,200,2021-02-08T00:49:09.942763,,
,application/csv; header=present,0.575,66730baaf4d462c19a5051c278129b902482f7de96b930c62d23d482e85b03e5,2b5146a0ca0b8f464b4f3a3978c656bdfefc4f722e104418faed7aa17af756b8,200,2021-02-08T00:49:09.942763,,
,application/csv; header=present,0.401,66de2d91b12fd1cb18c3babf02ceadb69622ac22a87e73f75b5643fcf6b60e76,6d62009568d56011a4c2dc84a7f1190cbfff8a5dbaf3b24cb600b90685ad952c,200,2021-02-08T00:49:09.942763,,
1706,application/csv; header=present,0.414,a40ed40ded2b89c46b0ccb6e8a5af7cc2154326e9b4014969a31460724d0fbff,441355ecf5aee71113d9833981206349235a339b4ec88b924a0aa5e2590a1ebe,200,2021-02-08T00:49:09.942763,,
,application/csv; header=present,0.399,27b999c89602a101c4f8c3306eddd8893b7770b5d10efa0ff650d9a6ff0c71fc,89be2b04f644f8918bcb3a30dc19491c122d7fc67f3b3130bd55bb45cf36e418,200,2021-02-09T00:48:54.962004,,
,application/csv; header=present,0.613,66730baaf4d462c19a5051c278129b902482f7de96b930c62d23d482e85b03e5,2b5146a0ca0b8f464b4f3a3978c656bdfefc4f722e104418faed7aa17af756b8,200,2021-02-09T00:48:54.962004,,
,application/csv; header=present,0.253,66de2d91b12fd1cb18c3babf02ceadb69622ac22a87e73f75b5643fcf6b60e76,6d62009568d56011a4c2dc84a7f1190cbfff8a5dbaf3b24cb600b90685ad952c,200,2021-02-09T00:48:54.962004,,
1706,application/csv; header=present,0.342,a40ed40ded2b89c46b0ccb6e8a5af7cc2154326e9b4014969a31460724d0fbff,441355ecf5aee71113d9833981206349235a339b4ec88b924a0aa5e2590a1ebe,200,2021-02-09T00:48:54.962004,,
,application/csv; header=present,0.582,27b999c89602a101c4f8c3306eddd8893b7770b5d10efa0ff650d9a6ff0c71fc,89be2b04f644f8918bcb3a30dc19491c122d7fc67f3b3130bd55bb45cf36e418,200,2021-02-10T00:48:00.933085,,
,application/csv; header=present,0.621,66730baaf4d462c19a5051c278129b902482f7de96b930c62d23d482e85b03e5,2b5146a0ca0b8f464b4f3a3978c656bdfefc4f722e104418faed7aa17af756b8,200,2021-02-10T00:48:00.933085,,
,application/csv; header=present,0.281,66de2d91b12fd1cb18c3babf02ceadb69622ac22a87e73f75b5643fcf6b60e76,6d62009568d56011a4c2dc84a7f1190cbfff8a5dbaf3b24cb600b90685ad952c,200,2021-02-10T00:48:00.933085,,
1706,application/csv; header=present,0.389,a40ed40ded2b89c46b0ccb6e8a5af7cc2154326e9b4014969a31460724d0fbff,441355ecf5aee71113d9833981206349235a339b4ec88b924a0aa5e2590a1ebe,200,2021-02-10T00:48:00.933085,,
,application/csv; header=present,0.501,27b999c89602a101c4f8c3306eddd8893b7770b5d10efa0ff650d9a6ff0c71fc,89be2b04f644f8918bcb3a30dc19491c122d7fc67f3b3130bd55bb45cf36e418,200,2021-02-11T00:48:55.781704,,
,application/csv; header=present,0.627,66730baaf4d462c19a5051c278129b902482f7de96b930c62d23d482e85b03e5,2b5146a0ca0b8f464b4f3a3978c656bdfefc4f722e104418faed7aa17af756b8,200,2021-02-11T00:48:55.781704,,
,application/csv; header=present,0.493,66de2d91b12fd1cb18c3babf02ceadb69622ac22a87e73f75b5643fcf6b60e76,6d62009568d56011a4c2dc84a7f1190cbfff8a5dbaf3b24cb600b90685ad952c,200,2021-02-11T00:48:55.781704,,
1706,application/csv; header=present,0.379,a40ed40ded2b89c46b0ccb6e8a5af7cc2154326e9b4014969a31460724d0fbff,441355ecf5aee71113d9833981206349235a339b4ec88b924a0aa5e2590a1ebe,200,2021-02-11T00:48:55.781704,,
,application/csv; header=present,0.496,27b999c89602a101c4f8c3306eddd8893b7770b5d10efa0ff650d9a6ff0c71fc,89be2b04f644f8918bcb3a30dc19491c122d7fc67f3b3130bd55bb45cf36e418,200,2021-02-12T00:49:18.042433,,
,application/csv; header=present,0.49,66730baaf4d462c19a5051c278129b902482f7de96b930c62d23d482e85b03e5,2b5146a0ca0b8f464b4f3a3978c656bdfefc4f722e104418faed7aa17af756b8,200,2021-02-12T00:49:18.042433,,
,application/csv; header=present,0.282,66de2d91b12fd1cb18c3babf02ceadb69622ac22a87e73f75b5643fcf6b60e76,6d62009568d56011a4c2dc84a7f1190cbfff8a5dbaf3b24cb600b90685ad952c,200,2021-02-12T00:49:18.042433,,
1706,application/csv; header=present,0.405,a40ed40ded2b89c46b0ccb6e8a5af7cc2154326e9b4014969a31460724d0fbff,441355ecf5aee71113d9833981206349235a339b4ec88b924a0aa5e2590a1ebe,200,2021-02-12T00:49:18.042433,,
,application/csv; header=present,0.503,27b999c89602a101c4f8c3306eddd8893b7770b5d10efa0ff650d9a6ff0c71fc,89be2b04f644f8918bcb3a30dc19491c122d7fc67f3b3130bd55bb45cf36e418,200,2021-02-13T00:48:51.539287,,
,application/csv; header=present,0.853,66730baaf4d462c19a5051c278129b902482f7de96b930c62d23d482e85b03e5,2b5146a0ca0b8f464b4f3a3978c656bdfefc4f722e104418faed7aa17af756b8,200,2021-02-13T00:48:51.539287,,
,application/csv; header=present,0.464,66de2d91b12fd1cb18c3babf02ceadb69622ac22a87e73f75b5643fcf6b60e76,6d62009568d56011a4c2dc84a7f1190cbfff8a5dbaf3b24cb600b90685ad952c,200,2021-02-13T00:48:51.539287,,
1706,application/csv; header=present,0.43,a40ed40ded2b89c46b0ccb6e8a5af7cc2154326e9b4014969a31460724d0fbff,441355ecf5aee71113d9833981206349235a339b4ec88b924a0aa5e2590a1ebe,200,2021-02-13T00:48:51.539287,,
,application/csv; header=present,0.494,27b999c89602a101c4f8c3306eddd8893b7770b5d10efa0ff650d9a6ff0c71fc,89be2b04f644f8918bcb3a30dc19491c122d7fc67f3b3130bd55bb45cf36e418,200,2021-02-14T00:51:21.626209,,
,application/csv; header=present,0.535,66730baaf4d462c19a5051c278129b902482f7de96b930c62d23d482e85b03e5,2b5146a0ca0b8f464b4f3a3978c656bdfefc4f722e104418faed7aa17af756b8,200,2021-02-14T00:51:21.626209,,
,application/csv; header=present,0.469,66de2d91b12fd1cb18c3babf02ceadb69622ac22a87e73f75b5643fcf6b60e76,6d62009568d56011a4c2dc84a7f1190cbfff8a5dbaf3b24cb600b90685ad952c,200,2021-02-14T00:51:21.626209,,
1706,application/csv; header=present,0.342,a40ed40ded2b89c46b0ccb6e8a5af7cc2154326e9b4014969a31460724d0fbff,441355ecf5aee71113d9833981206349235a339b4ec88b924a0aa5e2590a1ebe,200,2021-02-14T00:51:21.626209,,
,application/csv; header=present,0.475,27b999c89602a101c4f8c3306eddd8893b7770b5d10efa0ff650d9a6ff0c71fc,89be2b04f644f8918bcb3a30dc19491c122d7fc67f3b3130bd55bb45cf36e418,200,2021-02-15T00:50:03.002338,,
,application/csv; header=present,0.686,66730baaf4d462c19a5051c278129b902482f7de96b930c62d23d482e85b03e5,2b5146a0ca0b8f464b4f3a3978c656bdfefc4f722e104418faed7aa17af756b8,200,2021-02-15T00:50:03.002338,,
,application/csv; header=present,0.308,66de2d91b12fd1cb18c3babf02ceadb69622ac22a87e73f75b5643fcf6b60e76,6d62009568d56011a4c2dc84a7f1190cbfff8a5dbaf3b24cb600b90685ad952c,200,2021-02-15T00:50:03.002338,,
1706,application/csv; header=present,0.412,a40ed40ded2b89c46b0ccb6e8a5af7cc2154326e9b4014969a31460724d0fbff,441355ecf5aee71113d9833981206349235a339b4ec88b924a0aa5e2590a1ebe,200,2021-02-15T00:50:03.002338,,
,application/csv; header=present,0.389,27b999c89602a101c4f8c3306eddd8893b7770b5d10efa0ff650d9a6ff0c71fc,89be2b04f644f8918bcb3a30dc19491c122d7fc67f3b3130bd55bb45cf36e418,200,2021-02-16T00:49:41.482683,,
,application/csv; header=present,0.52,66730baaf4d462c19a5051c278129b902482f7de96b930c62d23d482e85b03e5,2b5146a0ca0b8f464b4f3a3978c656bdfefc4f722e104418faed7aa17af756b8,200,2021-02-16T00:49:41.482683,,
,application/csv; header=present,0.493,66de2d91b12fd1cb18c3babf02ceadb69622ac22a87e73f75b5643fcf6b60e76,6d62009568d56011a4c2dc84a7f1190cbfff8a5dbaf3b24cb600b90685ad952c,200,2021-02-16T00:49:41.482683,,
1706,application/csv; header=present,0.309,a40ed40ded2b89c46b0ccb6e8a5af7cc2154326e9b4014969a31460724d0fbff,441355ecf5aee71113d9833981206349235a339b4ec88b924a0aa5e2590a1ebe,200,2021-02-16T00:49:41.482683,,
,application/csv; header=present,0.467,27b999c89602a101c4f8c3306eddd8893b7770b5d10efa0ff650d9a6ff0c71fc,89be2b04f644f8918bcb3a30dc19491c122d7fc67f3b3130bd55bb45cf36e418,200,2021-02-17T00:49:31.785139,,
,application/csv; header=present,0.475,66730baaf4d462c19a5051c278129b902482f7de96b930c62d23d482e85b03e5,2b5146a0ca0b8f464b4f3a3978c656bdfefc4f722e104418faed7aa17af756b8,200,2021-02-17T00:49:31.785139,,
,application/csv; header=present,0.307,66de2d91b12fd1cb18c3babf02ceadb69622ac22a87e73f75b5643fcf6b60e76,6d62009568d56011a4c2dc84a7f1190cbfff8a5dbaf3b24cb600b90685ad952c,200,2021-02-17T00:49:31.785139,,
1706,application/csv; header=present,0.433,a40ed40ded2b89c46b0ccb6e8a5af7cc2154326e9b4014969a31460724d0fbff,441355ecf5aee71113d9833981206349235a339b4ec88b924a0aa5e2590a1ebe,200,2021-02-17T00:49:31.785139,,
,application/csv; header=present,0.423,27b999c89602a101c4f8c3306eddd8893b7770b5d10efa0ff650d9a6ff0c71fc,89be2b04f644f8918bcb3a30dc19491c122d7fc67f3b3130bd55bb45cf36e418,200,2021-02-18T00:56:49.592253,,
,application/csv; header=present,0.679,66730baaf4d462c19a5051c278129b902482f7de96b930c62d23d482e85b03e5,2b5146a0ca0b8f464b4f3a3978c656bdfefc4f722e104418faed7aa17af756b8,200,2021-02-18T00:56:49.592253,,
,application/csv; header=present,0.29,66de2d91b12fd1cb18c3babf02ceadb69622ac22a87e73f75b5643fcf6b60e76,6d62009568d56011a4c2dc84a7f1190cbfff8a5dbaf3b24cb600b90685ad952c,200,2021-02-18T00:56:49.592253,,
1706,application/csv; header=present,0.44,a40ed40ded2b89c46b0ccb6e8a5af7cc2154326e9b4014969a31460724d0fbff,441355ecf5aee71113d9833981206349235a339b4ec88b924a0aa5e2590a1ebe,200,2021-02-18T00:56:49.592253,,
,application/csv; header=present,0.435,27b999c89602a101c4f8c3306eddd8893b7770b5d10efa0ff650d9a6ff0c71fc,89be2b04f644f8918bcb3a30dc19491c122d7fc67f3b3130bd55bb45cf36e418,200,2021-02-19T00:50:02.774204,,
,application/csv; header=present,0.545,66730baaf4d462c19a5051c278129b902482f7de96b930c62d23d482e85b03e5,2b5146a0ca0b8f464b4f3a3978c656bdfefc4f722e104418faed7aa17af756b8,200,2021-02-19T00:50:02.774204,,
,application/csv; header=present,0.392,66de2d91b12fd1cb18c3babf02ceadb69622ac22a87e73f75b5643fcf6b60e76,6d62009568d56011a4c2dc84a7f1190cbfff8a5dbaf3b24cb600b90685ad952c,200,2021-02-19T00:50:02.774204,,
1706,application/csv; header=present,0.343,a40ed40ded2b89c46b0ccb6e8a5af7cc2154326e9b4014969a31460724d0fbff,441355ecf5aee71113d9833981206349235a339b4ec88b924a0aa5e2590a1ebe,200,2021-02-19T00:50:02.774204,,
,application/csv; header=present,0.572,27b999c89602a101c4f8c3306eddd8893b7770b5d10efa0ff650d9a6ff0c71fc,89be2b04f644f8918bcb3a30dc19491c122d7fc67f3b3130bd55bb45cf36e418,200,2021-02-20T00:49:45.007050,,
,application/csv; header=present,0.577,66730baaf4d462c19a5051c278129b902482f7de96b930c62d23d482e85b03e5,2b5146a0ca0b8f464b4f3a3978c656bdfefc4f722e104418faed7aa17af756b8,200,2021-02-20T00:49:45.007050,,
,application/csv; header=present,0.433,66de2d91b12fd1cb18c3babf02ceadb69622ac22a87e73f75b5643fcf6b60e76,6d62009568d56011a4c2dc84a7f1190cbfff8a5dbaf3b24cb600b90685ad952c,200,2021-02-20T00:49:45.007050,,
1706,application/csv; header=present,0.434,a40ed40ded2b89c46b0ccb6e8a5af7cc2154326e9b4014969a31460724d0fbff,441355ecf5aee71113d9833981206349235a339b4ec88b924a0aa5e2590a1ebe,200,2021-02-20T00:49:45.007050,,
,application/csv; header=present,0.416,27b999c89602a101c4f8c3306eddd8893b7770b5d10efa0ff650d9a6ff0c71fc,89be2b04f644f8918bcb3a30dc19491c122d7fc67f3b3130bd55bb45cf36e418,200,2021-02-21T00:52:35.588383,,
,application/csv; header=present,0.766,66730baaf4d462c19a5051c278129b902482f7de96b930c62d23d482e85b03e5,2b5146a0ca0b8f464b4f3a3978c656bdfefc4f722e104418faed7aa17af756b8,200,2021-02-21T00:52:35.588383,,
,application/csv; header=present,0.515,66de2d91b12fd1cb18c3babf02ceadb69622ac22a87e73f75b5643fcf6b60e76,6d62009568d56011a4c2dc84a7f1190cbfff8a5dbaf3b24cb600b90685ad952c,200,2021-02-21T00:52:35.588383,,
1706,application/csv; header=present,0.351,a40ed40ded2b89c46b0ccb6e8a5af7cc2154326e9b4014969a31460724d0fbff,441355ecf5aee71113d9833981206349235a339b4ec88b924a0aa5e2590a1ebe,200,2021-02-21T00:52:35.588383,,
,application/csv; header=present,0.447,27b999c89602a101c4f8c3306eddd8893b7770b5d10efa0ff650d9a6ff0c71fc,89be2b04f644f8918bcb3a30dc19491c122d7fc67f3b3130bd55bb45cf36e418,200,2021-02-22T00:51:14.852317,,
,application/csv; header=present,0.609,66730baaf4d462c19a5051c278129b902482f7de96b930c62d23d482e85b03e5,2b5146a0ca0b8f464b4f3a3978c656bdfefc4f722e104418faed7aa17af756b8,200,2021-02-22T00:51:14.852317,,
,application/csv; header=present,0.464,66de2d91b12fd1cb18c3babf02ceadb69622ac22a87e73f75b5643fcf6b60e76,6d62009568d56011a4c2dc84a7f1190cbfff8a5dbaf3b24cb600b90685ad952c,200,2021-02-22T00:51:14.852317,,
1706,application/csv; header=present,0.421,a40ed40ded2b89c46b0ccb6e8a5af7cc2154326e9b4014969a31460724d0fbff,441355ecf5aee71113d9833981206349235a339b4ec88b924a0aa5e2590a1ebe,200,2021-02-22T00:51:14.852317,,
,application/csv; header=present,0.475,27b999c89602a101c4f8c3306eddd8893b7770b5d10efa0ff650d9a6ff0c71fc,89be2b04f644f8918bcb3a30dc19491c122d7fc67f3b3130bd55bb45cf36e418,200,2021-02-23T00:50:34.891051,,
,application/csv; header=present,0.646,66730baaf4d462c19a5051c278129b902482f7de96b930c62d23d482e85b03e5,2b5146a0ca0b8f464b4f3a3978c656bdfefc4f722e104418faed7aa17af756b8,200,2021-02-23T00:50:34.891051,,
,application/csv; header=present,0.492,66de2d91b12fd1cb18c3babf02ceadb69622ac22a87e73f75b5643fcf6b60e76,6d62009568d56011a4c2dc84a7f1190cbfff8a5dbaf3b24cb600b90685ad952c,200,2021-02-23T00:50:34.891051,,
1706,application/csv; header=present,0.392,a40ed40ded2b89c46b0ccb6e8a5af7cc2154326e9b4014969a31460724d0fbff,441355ecf5aee71113d9833981206349235a339b4ec88b924a0aa5e2590a1ebe,200,2021-02-23T00:50:34.891051,,
,application/csv; header=present,0.476,27b999c89602a101c4f8c3306eddd8893b7770b5d10efa0ff650d9a6ff0c71fc,89be2b04f644f8918bcb3a30dc19491c122d7fc67f3b3130bd55bb45cf36e418,200,2021-02-24T00:51:14.053617,,
,application/csv; header=present,0.586,66730baaf4d462c19a5051c278129b902482f7de96b930c62d23d482e85b03e5,2b5146a0ca0b8f464b4f3a3978c656bdfefc4f722e104418faed7aa17af756b8,200,2021-02-24T00:51:14.053617,,
,application/csv; header=present,0.264,66de2d91b12fd1cb18c3babf02ceadb69622ac22a87e73f75b5643fcf6b60e76,6d62009568d56011a4c2dc84a7f1190cbfff8a5dbaf3b24cb600b90685ad952c,200,2021-02-24T00:51:14.053617,,
1706,application/csv; header=present,0.326,a40ed40ded2b89c46b0ccb6e8a5af7cc2154326e9b4014969a31460724d0fbff,441355ecf5aee71113d9833981206349235a339b4ec88b924a0aa5e2590a1ebe,200,2021-02-24T00:51:14.053617,,
,application/csv; header=present,0.359,27b999c89602a101c4f8c3306eddd8893b7770b5d10efa0ff650d9a6ff0c71fc,89be2b04f644f8918bcb3a30dc19491c122d7fc67f3b3130bd55bb45cf36e418,200,2021-02-25T00:50:58.613378,,
,application/csv; header=present,0.43,66730baaf4d462c19a5051c278129b902482f7de96b930c62d23d482e85b03e5,2b5146a0ca0b8f464b4f3a3978c656bdfefc4f722e104418faed7aa17af756b8,200,2021-02-25T00:50:58.613378,,
,application/csv; header=present,0.356,66de2d91b12fd1cb18c3babf02ceadb69622ac22a87e73f75b5643fcf6b60e76,6d62009568d56011a4c2dc84a7f1190cbfff8a5dbaf3b24cb600b90685ad952c,200,2021-02-25T00:50:58.613378,,
1706,application/csv; header=present,0.486,a40ed40ded2b89c46b0ccb6e8a5af7cc2154326e9b4014969a31460724d0fbff,441355ecf5aee71113d9833981206349235a339b4ec88b924a0aa5e2590a1ebe,200,2021-02-25T00:50:58.613378,,
,application/csv; header=present,0.4,27b999c89602a101c4f8c3306eddd8893b7770b5d10efa0ff650d9a6ff0c71fc,89be2b04f644f8918bcb3a30dc19491c122d7fc67f3b3130bd55bb45cf36e418,200,2021-02-26T00:51:11.114118,,
,application/csv; header=present,0.673,66730baaf4d462c19a5051c278129b902482f7de96b930c62d23d482e85b03e5,2b5146a0ca0b8f464b4f3a3978c656bdfefc4f722e104418faed7aa17af756b8,200,2021-02-26T00:51:11.114118,,
,application/csv; header=present,0.388,66de2d91b12fd1cb18c3babf02ceadb69622ac22a87e73f75b5643fcf6b60e76,6d62009568d56011a4c2dc84a7f1190cbfff8a5dbaf3b24cb600b90685ad952c,200,2021-02-26T00:51:11.114118,,
1706,application/csv; header=present,0.436,a40ed40ded2b89c46b0ccb6e8a5af7cc2154326e9b4014969a31460724d0fbff,441355ecf5aee71113d9833981206349235a339b4ec88b924a0aa5e2590a1ebe,200,2021-02-26T00:51:11.114118,,
